domain,class
I*z*Z0I0,0
U.r.u.R.R.,0
Z.Z+W.F.Z.,0
z.Z.I.Z+,0
X.W*W.X.,0
X.,0
W.X.X.X*X.,0
w.X.,0
W.W*W.W.W.,0
+Z.z.Z.Z.z,0
"W.X,W.W.w.",0
Z.,0
.X.X.G.X.x,0
.X.x.x.X.X,0
.W.W.W*W.w,0
.W.Z.z.Z.W,0
+W.W.Y*W.F,0
z.z.Z.Z.Z.,0
Z.z.z.Z.Z.,0
.Z+Z.Z.z.Z,0
".z.Z,Z.Z.z",0
W.w.W.Z.,0
.w.w.W.Z.W,0
",W.F.f.W*Z",0
00,0
z.I.I.,0
00,0
"W,W.e.",0
i0,0
Z.,0
W+W.Z.Z+Z.,0
F.F.,0
Z.Z.Z.,0
W.,0
Z.Z.z.I.Z.,0
"W*Z,W*Z.",0
"Z.Z.I.Z,",0
Z.,0
.Z.Z+Z.z.z,0
.I.Z*Z.i.Z,0
.Z*w0W.W.W,0
Z*z*,0
Z.I.Z00z*,0
.Z00,0
W.,0
W.W.Z.Z*,0
Z.W00W.,0
f.Z.Z*Z+,0
"Z,Z.z.i.z.",0
"*W.W.Z.W,W",0
.W.W.,0
W.W.W*W.F.,0
*i0,0
.i.Z+Z.I.I,0
"V,V.E.V.V.",0
+Z.Z.Z*Z.Z,0
I.,0
w.,0
".Z,Z.Z.Z.i",0
Z.Z.Z.,0
I.I.Z.,0
.Z.Z.z.Z.I,0
Z.Z.Z.I.W+,0
.g.g.g.g.h,0
"g,x,x,",0
z.Z.z.,0
Z0,0
.Y.Z0Z.z.W,0
.Z*Z.Z0Z.Z,0
Z*Z.I.I.z.,0
.Z.Z.Z.Z*Z,0
Z.z.Z.Z.z.,0
I.i.Z.,0
I.,0
f0f0f0,0
i0i0i0f0,0
.Y00000Y.Z,0
0000W.,0
"Z.Z.z.Z,Z.",0
D.R.U.R.R.,0
x.x.X.G.G.,0
0W.,0
00Z.Z.W.Z.,0
W.W.Z.Z*Z.,0
"X+X.X,x.",0
"0Z.Z,Z.Z+Z",0
W00W.,0
W.w.X.X+X.,0
"X00X.X,X.",0
*Z.Z.I.I.I,0
z.I.Z*Z.Z.,0
z.Z.Z*Z.Z.,0
Y.,0
z*z*z*Z0z*,0
Z+Z*z*Y+,0
0I00,0
Z+z*z*I*z*,0
Y.Y+Y.Y+Y.,0
y*y+h+H+H+,0
y*y+h+H+H+,0
W.,0
z0Z*,0
*,0
z0,0
Z*,0
*Z+Z*z*I*z,0
00Z*z*Z*Z*,0
"Y,Z00Z+Z*",0
H+H+H+h+G+,0
W.X0X.Z.W.,0
i0i0i0i0,0
00,0
y.Y.w.W.w.,0
".z.Z,Y.W.W",0
.z.W.F.W.W,0
w.F.F.f.,0
Z.Z.z.Z.Z.,0
"Y,Y.y.Z00w",0
*Z.W.W.w.w,0
0,0
Z.z.Z.Z.i.,0
.i.I.I.Z.Z,0
*z*W0000W.,0
X.H.X.x.Y.,0
"Y.y.Z,Y.y.",0
h0h0i0,0
Z.w.W.W.W.,0
I*z*w0Z*Z*,0
i0i0i0f0,0
y.,0
00,0
Z.Z.z.i.Z.,0
00,0
Z0,0
Z*,0
h.w.Y*,0
Z*Z.Z.I.,0
0,0
Z0Z*Z00Z.Z,0
I.i.I.,0
*z*z00Z.Z.,0
*Z.Z.Z0h0,0
0z00Z.Z.Z.,0
z0,0
*z+W.z.F.W,0
Z00,0
.Z*z*z*W0W,0
z0,0
W.Z*z0Z*,0
Z.Z000,0
Z*z*z*,0
.Z+Z.Z.z.z,0
Z*,0
"Z,Z*W.Z0z0",0
.Z0Z.W0W.F,0
Z00W*W.,0
00Z*,0
i0i0i0i0,0
*W.w.Z+Z00,0
"z*Z.Z0Z.Z,",0
*W.W+W.W.w,0
i0i0i0i0,0
F.f.i.,0
Y0y00,0
"Y,Y*Y,Y.",0
.w.Z+Z.Z.i,0
W.Z00Z.I.Z,0
0W.,0
X00,0
Z00Z.Y00Y.,0
y.Y.H.,0
W.W.I.w.W.,0
.Z.Z00Z.z.,0
0W.Z+,0
"X,",0
F.W.w.,0
"+X,X.X+X00",0
",y,V.E.X+x",0
X00,0
Z.,0
Z.Z.Z.,0
.F.w.W.W.X,0
Y.W.W.,0
Z.Z.z.,0
"0Y,Y.Y+Y00",0
i.I.I.,0
*x*y+y+W.H,0
.y.Y.Y.H.H,0
".W.Y,Y.Y.Y",0
z.,0
".X.X,X.Y,W",0
z.z.z.,0
I+z+z+z+I+,0
w.W.W.,0
s0,1
0,1
W.,1
r0U+,1
s*s0,1
*,1
s*,1
s0,1
*,1
b*,1
B0,1
*v0,1
S*,1
S*,1
s*S+s*,1
s0,1
0,1
00,1
V00,1
S0,1
S*A*S00,1
00,1
s*,1
S*,1
S00,1
0S*,1
00,1
b*s*,1
S*,1
"B*S+S*s+s,",1
S*S0s*,1
0s*,1
0,1
S+,1
S*s*,1
Z+Z0Z.Z0Z+,1
Z+Z0Z*Z0Z+,1
Z.Z*z+W*z*,1
0,1
0,1
r0,1
W0,1
S*B*s+s*B*,1
B*,1
s*s*B*,1
"S*S,s,S+S,",1
*,1
T*b*s00,1
0s*,1
s*s*s*,1
s0s*S+S*,1
0,1
S*,1
s0,1
"w+z+w,w+y,",1
",z+v,z+w,z",1
0,1
0Z+,1
E+E+E+v*v*,1
S.S*,1
0,1
0,1
V*,1
",y,y,y,H,H",1
S.S*S.,1
"S,S*S.",1
"V,Y*Y,Y+y*",1
"+Y,y,y.y,h",1
0,1
V0E0,1
S*s0,1
"S,S*",1
w+s*S00W+B,1
0R+,1
F*B*,1
v00,1
U*,1
"S,S*",1
Z+Z0Z+,1
Z+Z0Z+,1
0,1
s+s*s+,1
0,1
s*s*s*B*s*,1
0s0s*,1
Z0i0i0,1
0,1
00,1
00,1
s*,1
v0,1
00S*,1
"S,",1
s+,1
0,1
"0R,",1
"0R,",1
W.S*,1
"S,S*S.",1
W.,1
E*,1
0,1
0,1
"S,S*",1
S*,1
y*Z0Z+,1
Z.Z0Z*,1
Z+Z0Z+,1
Z.Z0Z+,1
Z.Z0Z+,1
Z+Z0Z+,1
0R*,1
Z+Z0Z+Z0Z+,1
Z+Z0Z+,1
Z+Z0Z+Z0Z+,1
Z+Z0Z.Z0Z+,1
0,1
R*,1
Z.Z0Z+,1
Z+Z0Z.Z0Z+,1
Z.Z0Z+,1
+,1
z0Z+,1
Z+Z0Z+,1
v0R*,1
Z.Z0Z+,1
z0Z+,1
Z+Z0Z+Z0Z*,1
Z+Z0Z+,1
Z+Z0Z+,1
Z+Z0Z+,1
Z+Z0Z+,1
Z+Z0Z+,1
w+s*,1
0R*,1
Z+,1
v0Z*,1
v0Z*,1
V0Z*,1
Z+Z0Z+,1
Z+Z0Z+,1
Z+Z0Z+,1
0,1
Z+Z0Z+,1
0,1
r0,1
0,1
0,1
0,1
"w0W,",1
Z.Z0z*,1
Z.Z0z*,1
0S*,1
"W*S.S,s,s,",1
0,1
0,1
0W*,1
0W*,1
0U*,1
0U*,1
Z+Z0Z+,1
Z+Z0Z+,1
"S,s,s.S*s+",1
0,1
Z+Z0Z+,1
Z+Z0Z+,1
Z+Z0Z+,1
w0W+,1
s*W00,1
"S,S*",1
S0s*,1
y0y*y0Y.,1
v.R*Z.V.R*,1
*h*y0h*y*Y,1
+y*y+I+Z*Z,1
Z*y*Z0i0,1
z0z*z*y*Z.,1
R*V.R*r0Y.,1
*z*Y+Z0I0Z,1
I0Z+,1
u0W+,1
0U+,1
s*s*s*,1
0R*,1
S.S*W+,1
*,1
s+s*,1
w0Z*,1
w0Z*,1
w+s*,1
Z.W0Z+,1
Z.W0Z+,1
z0W*,1
z0W*,1
0,1
V*W0Z+,1
0R*,1
0R*,1
W*,1
w*Z0Z*,1
w*Z0Z*,1
0U+,1
0,1
"0S,B,",1
0,1
0,1
*,1
"s0B0S*s*S,",1
S.S*,1
w*S+,1
00S*s*,1
"z+z,Z0",1
S.S*S.,1
S.S*,1
0,1
0,1
Z+Z0Z.Z0Z+,1
S.S*S.,1
W+U0,1
w0W*,1
z0V*,1
w0U*,1
s0S*,1
0W+,1
0W+,1
0W+,1
0,1
Z+Z0Z+,1
s*s0,1
*,1
Z+Z0Z.Z0Z+,1
"T,",1
S*,1
S.,1
",s,s,S*s*B",1
"+s,S*S+s,S",1
*s*S0S*S+S,1
U*,1
0,1
+S0S*s+s*s,1
"s,S+s+s,s,",1
S+s+,1
"S,s.S,s+S,",1
"B,S.s,S.S,",1
"s,B,s,s,s+",1
",s,S+s,s+s",1
*z+z*z+z+z,1
"Z+Z.z,z,Z.",1
",s,s,s.S.S",1
",b,T,s,s+s",1
",s+S,S,s+S",1
s+s+s+B+B+,1
0,1
"S,S*S,",1
"Y,",1
*s*s*s+s*S,1
"+S,S*S,s,S",1
00S*S+S*S.,1
S0B0s*s*s*,1
S*s*s0S*B*,1
*s*s*S0s*S,1
"B*s*B0S,",1
",S*S,S*s*S",1
"0S,s,",1
"b,s+S,S+s+",1
"s,S,S,s,S+",1
"S+s+S,B,S+",1
0,1
s00,1
B*,1
"00S,",1
Z0,1
S.S*S.,1
0,1
"S,S*s*S,",1
"s*S,S*s*b*",1
*S0,1
"S000S,S*",1
+i+z*z+i*Y,1
*,1
S*,1
v0,1
S.,1
W.,1
",S*S,S+S0s",1
"S,S*",1
"S,S.",1
"s.s,s,S.S,",1
",s,s,s,s,S",1
s*S0s*,1
s*b*S*s0s*,1
0,1
b0,1
s00,1
S*,1
"z,F,I,z,z,",1
".T,T.S,s,s",1
W0,1
0s*,1
0s*S*,1
0R*,1
*S*,1
S.S*,1
S*s*,1
s*S0s*s*,1
s*S000,1
s*,1
v00,1
"W,",1
0,1
Z+,1
u0Z+,1
W+,1
z0,1
z0,1
s*s*S0S*B*,1
+I+Z0i0i0i,1
0,1
"s*s*S,S*",1
S*S*b*,1
V00,1
*,1
0Z+,1
z0Z+,1
z0Z+,1
z*w*z0Z+,1
0,1
"+s*s+s*S,S",1
"*S,s,S*S+B",1
0S*,1
0S*,1
00,1
0W+,1
z0W+,1
W*,1
0,1
0,1
z0W*,1
0W*,1
0W*,1
0W*,1
"w,W.W*W.W0",1
"0Y.Y,Y0Y.R",1
"H0Y.Y.Y.Y,",1
Y.Y00Y.Y+,1
".Y,Y*Y.Y.Y",1
Y.,1
*,1
0,1
0,1
0,1
s*,1
0,1
w0,1
0,1
s*s+s*s*s*,1
s*,1
0S*,1
*,1
s*,1
0,1
"v,v+V00",1
0,1
s*s0s*s0s*,1
"s,s+b+I,s,",1
"+b+I,s,s+I",1
s*s*s*s*,1
S*,1
e+e+e+e+e+,1
*,1
0,1
0Y+,1
0Y+,1
Y+,1
W+S*,1
"0R,",1
"w+W*w00W,",1
U+,1
S.S*S.W00,1
.Y+h*y*y+Y,1
s*s*,1
000,1
000,1
s*,1
s000,1
"y.y.Y*Y,Y.",1
0,1
y00,1
0,1
y*y+,1
00,1
Y*Y+,1
0,1
S+,1
W.,1
s*s*s*,1
0S*,1
0,1
0,1
",S+S00s*s*",1
"S,S*",1
S.S*,1
U*,1
B*s+,1
S+S0,1
"S,s,s,s+s,",1
+B+s+s+s+s,1
"Z,Z+Z,z,Z*",1
Z*Z00Z*z*z,1
",s,S*S.S*S",1
",S.B.S,S.S",1
"S,B,s,T.S,",1
",b,s,s,B,s",1
"s,s+S,S,B,",1
"s+s,S*B*S,",1
0,1
0,1
W+,1
S.S*,1
s+S*B*s0S+,1
.S+S0s*s0s,1
*,1
"W,S*S+s,",1
0V*,1
B*s*,1
Y.Y*s*y*Y.,1
0,1
*s*s*s*S*s,1
S*,1
S*,1
0,1
"Y,",1
"Y,",1
*s*s*S*S+S,1
*s*S*s+S*s,1
"+s*s+B+S,s",1
*s*s*B*s*S,1
",y+h+Y*y*z",1
"+y,H,Y*Z,y",1
*B+B*S*s*S,1
*s*s*S*S*s,1
s*b*s*S+S*,1
"s+s*s*S,S*",1
",S*b*s*S+s",1
"S,S*s*B*S+",1
"s*s*s*s*S,",1
s+S*s*s*s+,1
"S,S*S*S*s*",1
s+,1
*S+s*S*,1
B0S+S0s*s*,1
*,1
0,1
"S.S*S,",1
0,1
"*S*s*s*S,B",1
"s,S,s,B,s,",1
"s,B,S.S,b,",1
",S*s0s*s*s",1
+S*,1
W+,1
W+,1
0,1
0,1
",S.s.S,S.S",1
"S,s,S.S,s,",1
"0Y+Y,Y.Y*Y",1
"W,S*",1
*,1
"s*s*S,S*s*",1
"s*S,S*S+S0",1
0S*,1
S*s*S+s*S+,1
Y*,1
0,1
Y*,1
Y.Z0H0Y.,1
Y00Y.Z.I.Y,1
Z+,1
Y.,1
Z0,1
z00Y*,1
Z0H0Z.,1
"0Z,",1
0,1
E+E+F+E+E+,1
w+,1
"B*S,S*s*B*",1
S0S+s*s+w+,1
"S,",1
0,1
00s*s*B*s+,1
".s,s.s,s.S",1
"*S,S*S,W*W",1
s+s*s+s+s+,1
s*S*S0s*,1
0,1
+z+y*z+h+h,1
*z*Y+z+z+y,1
S*,1
"*w+S,W+s*s",1
"s+W*S.W+S,",1
S+S*S0,1
"S+s,S*s*s*",1
",s+S*S,S,S",1
0,1
*S+s*,1
s*,1
",v,E,v+e+v",1
",b,s+s+s+s",1
F*s*,1
"S,T*",1
F*B*,1
B*s*s+s+S0,1
"S*s*S,s+B+",1
s*B*,1
"B*s+S*s*S,",1
W+,1
*B*s*s0S*s,1
0,1
0,1
S*s*s*B*s*,1
"+s+S*S.S,s",1
*,1
S.S*w*,1
v*,1
0W+,1
0W+,1
z0W*,1
z0Z+,1
z0Z+,1
Z+Z0Z+,1
Z+Z0Z+,1
"*w+s+w,S+S",1
"W+W,W00W+",1
0,1
y*Y0Y*y0Y+,1
y*y*Y0y0Y*,1
s*B*S.S+s*,1
"+s*b*S,S+s",1
S.S*S.,1
"S,S*",1
U*,1
Z+,1
".W+W,W00S+",1
0,1
0Z+,1
0Z+,1
0W*,1
0W*,1
0Z*,1
w+,1
"R,",1
0Z+,1
0Z+,1
S+,1
0,1
z*z0,1
z*z0,1
S.S*S.,1
s*,1
"S,S*",1
"0W,",1
B*B*B*,1
S+S*,1
b*,1
W.S*,1
S.S*,1
*,1
0,1
z0Z+,1
V0,1
0S*,1
0,1
W0W*,1
S.S*S.,1
"S.S*T,",1
W.,1
"Z,S0",1
v*Z0Z+,1
v*Z0Z+,1
Z.Z0Z*,1
Z.Z0Z*,1
*,1
B0,1
"z0W,",1
"0W,",1
*,1
0,1
w0W*,1
"S.S*w*S.S,",1
w+s*S00S*,1
0,1
S.S*W00,1
0,1
0,1
z*r00,1
0W*,1
0W*,1
S.S*,1
0Z*,1
z0Z*,1
*,1
0,1
W+,1
"S,S+",1
S+,1
0U*,1
0Z+,1
r*,1
*,1
0W*,1
w0W+,1
w0W+,1
Z.Z0R+,1
r0W+,1
W+S*,1
s*,1
0,1
S+S*,1
"S,S*S,",1
0,1
w0W+,1
0,1
"S,S*S.",1
"S0W,",1
W+,1
W+,1
s+s*,1
w+,1
V+,1
"S,S*",1
w0V*,1
s+s*,1
0V*,1
0,1
0,1
0,1
w0Z+,1
w0Z+,1
0W*s+s*,1
s+s*,1
0,1
z0W*,1
z0W*,1
0,1
"S,",1
W+Z0,1
W+Z0,1
S.S*W00,1
W.S*W00,1
"s+s*W+w,s+",1
0U*,1
0U*,1
Z+Z0Z*,1
Z+Z0Z*,1
w0,1
S.,1
W+S*,1
S.T*S.,1
S.S*,1
"w*S,s+w,",1
w0W+,1
w0U*,1
"S,S*S.",1
"W,S*",1
"0W,",1
"S,S*",1
s*,1
0Z*,1
S.S*,1
z0W+,1
0,1
0,1
0,1
"S,S*s+f+",1
U*,1
0,1
0,1
v00,1
v00,1
s+s*,1
v*,1
0W+,1
r0W+,1
0,1
R*,1
"S,S*",1
s*s*s*s*w+,1
Z*,1
Z*,1
S.S*S.,1
s*,1
0R*,1
0R*,1
*,1
*,1
0s*,1
0,1
S.S*S.,1
w+,1
*,1
W+S*,1
v*W0W*,1
v*W0W*,1
0S*B*s+,1
S.W00W*,1
0Z+,1
0Z+,1
"0W,",1
S.S*,1
0W+,1
w+s*,1
u0,1
s0,1
0R*,1
y*Y.R*a+Z*,1
w0,1
0,1
"*S,W+S.S*s",1
"*S,S*s*s*s",1
F*B*,1
"Y,y,H,y,Y.",1
S.T*,1
H*z*,1
0,1
0,1
w+,1
F*s*,1
"Z+Z0Z,",1
0R+,1
0W+,1
0Z+,1
i0i0,1
V0,1
0,1
0,1
z*z*z+z*Z+,1
*b*s*,1
S*,1
"B*s+s,S*s*",1
+s*s+s*s*s,1
"S.S,s,s.s,",1
B+S*S0s*S+,1
",s+s,B+b+b",1
s00,1
"Z.z.z.Z,",0
"W.R.U,U.R.",0
Y+,0
.Y.Y.Y.y.y,0
Y.Y.,0
".w.Y,Y.Y.Y",0
"h,h,y,h,y,",0
",y,y,h,y,y",0
Z.z.I.Z.Z.,0
h.h.H.Z.Z.,0
"z.Z.Z.W.Z,",0
Z00Z.z.W*W,0
f.f.W*W.w.,0
Z*Z.Z.Z.Z.,0
Z.z.Z0,0
W.W.w.W.W.,0
W.Z0W.,0
"F.W+W.W,W.",0
F.W0W.Z0z*,0
Z.Z.Z.,0
"h,h,h,h,h,",0
"h,h,h,h,h,",0
000W.,0
h.Y000W.,0
F.,0
W.X0W.,0
.Z*X.W0W.W,0
F.W+W.Z0I0,0
Y.w.H.X.F.,0
Z0i0i0i0,0
z.Z.Z.,0
Y.Y.y.,0
.Z.Z.i.Z.z,0
Z.Z.Z.z.Z.,0
Z.Z.Z.,0
Z.Z.z.,0
W.,0
Y.Y.Y.Y.Y.,0
"Y.Y.y.Y,Y.",0
Y.Y.y.y.y.,0
Z.,0
00Z.Z.z.Z.,0
".U,u,u,u,u",0
i.i.Z0z0Z.,0
"u,D,u,u,u+",0
Y+Y.y.Y+Y.,0
"+D+U,d,U+u",0
.h.Y+Y.Y.Y,0
",U+u+u,u,d",0
I.i.Z0Z.Z.,0
".w.F.w.W,u",0
I.I.i.,0
"u,d,u,u,u,",0
00z0,0
z*z*z00Z*z,0
z00Z*,0
W00Z.Z+,0
.,0
W.,0
W.Z*,0
W.,0
.I.z.z.i.Z,0
w.W.W.w.W.,0
i*z*,0
"z,Z*I*W.Z,",0
Z.z.,0
"Y.y.W,W.Z.",0
"W.Z+z,f,Z.",0
".W.Z,Z.Y,F",0
h*i0h0,0
.w.w.W*W.w,0
i0i0i0,0
I0i0i0I*,0
z.I.i.Z.,0
"Z,w,W.f.",0
W.,0
00W.,0
W.W.z.,0
0Y.H.Y.W.w,0
Z.,0
Z0z0z*,0
.f.Z*Z.Z*Z,0
z*Z.Z.Z*i*,0
*z*z*y*Z+Z,0
*z*z*Z.Z+Y,0
"*z*Z.z.Z,Z",0
Y*z0,0
Z.z.Z.z.Z*,0
Z.Z.W.Z*z*,0
z*z0Z*,0
"+W,W.w.W.W",0
f.Z*z0Z*z*,0
Z.Z*z+Z*z*,0
I*Z.Z.z.z.,0
.Z*z*Z.z.Z,0
.Z.Z.Z+Z00,0
+z*z*Z.z.Z,0
".W*W,W.F.w",0
Z*,0
".Z,Z*z*z*Z",0
W.Z*z*Z+Z*,0
W*W.,0
Z+I+Z*Z+z+,0
+z+z*z*z+I,0
*z+z+I+z*z,0
"z+Z*z*z*Z,",0
W.W.W.,0
+W.F.Z0Z*z,0
Z.i.i.i.Z.,0
.W+F*W.w.w,0
"Z.Z,Z.",0
i0i0i0f0,0
Z0,0
",U,u,d,d,u",0
F.Z0z0,0
",u,u+u,u,u",0
z.z.i.,0
"u,d,U+u+",0
"h.H.h.Y,",0
h+Y*Y+y*y+,0
I.Z.I.Z.Z.,0
.Z.W.Y*Z.z,0
z.z.z.Z+z+,0
.g.x.X.x.x,0
"X.Y0Y.X,x.",0
".x,Y.V.v.X",0
.X.Y.Y.H.X,0
"X.X.X.X.X,",0
.Z.Y.Y.Z.Z,0
"Y.Y,",0
W*W.,0
W.W.W.,0
z.Z.z.,0
z.Z.Z.,0
z.z.z.,0
F.W.W.,0
Y.z.H.y.H.,0
Y.Y.Y.,0
".W,W.W*W.W",0
"h,Y0Y.W.W.",0
i0i0i0,0
X.X.X.X.G.,0
.y.h.Y.Y.Y,0
",x+x,g,g,g",0
y.,0
*y*y*h*h*h,0
h*h*h*h*h*,0
*y*y*h*h*h,0
h*h*h*y*y*,0
W.,0
y.V.,0
z.W.,0
"+Y.y.Y.z,W",0
W.w.w.,0
Z.,0
"Z.z.z.W,W.",0
I.i.Z.z.Z.,0
I.w.,0
"X.X,X.",0
"x,G,",0
"y,Y0Y,z,Z+",0
i0i0i0i0,0
i0I0I0,0
+a+a+r+f+r,0
i0i0i0i0,0
Z+,0
i0z0z0z*,0
f0f0a0,0
f0f0,0
i0i0f0,0
R.A.R.R.r.,0
f0,0
i0,0
0U.R.R.D.,0
"y.X,y,Y.Y*",1
Y0,1
S*,1
0,1
s*,1
s0,1
s*,1
S*,1
s*S0,1
"*s*s*S,S+S",1
s*,1
s*s0,1
S*s*s*B*s*,1
s.Z.Z*Z*Z*,1
s*,1
S*,1
"S,S*",1
"+b+S*S,S*S",1
",w,y+z+S,z",1
".Z.Z+Z.Z,w",1
"Y,Y*Y,Y*S,",1
i+Z0i0,1
",X,x+x,X*Y",1
"*X.X*X,X.Y",1
X+,1
B.W.w.S.S.,1
.S.S.s.S.S,1
h*h*,1
S.F.S.W.B.,1
.w.s.w.s.w,1
A*,1
*,1
e+v+v*v*v*,1
i0,1
",H,y,y,y,H",1
"H,H,y,y,H,",1
"y,y,y,h,y,",1
"*H*Y,H,H,y",1
"h,h,h,h,h,",1
",y,y,y,y,y",1
"Y+Y,y,Y*Y,",1
",y,y,y,h,H",1
s*,1
0,1
.S.w.s.W.S,1
.b.S.B.S.S,1
s.s.s.W.W.,1
.s.B.w.S.W,1
Z0z*,1
"Z+Z*z0Z+Z,",1
"+z*z*y*Z,Y",1
+z*z*z*z+z,1
Z*Z00,1
z*Z*,1
"z,Z+i+Z*y*",1
Z+z+Z*Z+I*,1
*Z.Z*Z.Z.Z,1
"x*X*X,G,",1
"*S+s*S,S*B",1
0,1
S*s*s*s*s*,1
s*,1
S*,1
S*s*,1
"S*S,",1
"S,s,B,S*s*",1
"+S,S+S.S*s",1
"S0S,S*s*S.",1
"B*s*s*S,s,",1
",S+S,s,B,s",1
",s,s+s,S.S",1
S*S.S+S*s+,1
",s,B,s+s,b",1
+s+s+b+B+s,1
"+s,s,s+s,s",1
"Y*y*z*Z,Z+",1
z*y+Z*,1
"S.S+s+s,s+",1
",s,S.S,S+s",1
",b,s,s,B,B",1
"s*s*S,s,s+",1
"*s*s*S,S*s",1
s+s+S*B*s*,1
S+B+S*,1
"s,S*s*S+",1
"B*B*s*s*S,",1
"s,s+s+S,B,",1
"S*B*S,s,S.",1
",S+S,S.S*S",1
"*S,S+S,s,s",1
B.,1
S0s*,1
s*s*,1
s*S+S*s*,1
s*s*B*,1
+,1
s*B*,1
.Z*I*z*Z.I,1
"S,S*",1
",s.s,b,s.s",1
",B,B,s,S.S",1
"B,s,s,s,S.",1
"b,s,s,s,B,",1
"S0S*S,",1
"s*S,",1
s*b*S+S*,1
"+z+z,z,Z+w",1
s*s0S*s+,1
S*S+S*B*S*,1
S0,1
*S+s+s+B+s,1
S*,1
B+B+B+B+b+,1
s*s*,1
s0B0s*,1
s*S0,1
"s,S,S+s*B*",1
"s*S,S*s+S,",1
S*S*B*s*B*,1
"Y+y+Y.Y,Y.",1
"Y,Y+Y.Y,Y*",1
",Y.y.Y,Y.Y",1
",y.y,H,y.y",1
"Y,y,Y*y*Y.",1
"Y.Y+Y,Y,Z.",1
",y,y,y.y,Y",1
".y,H,Y.Y,y",1
s*s*,1
s0,1
S*,1
B0s*,1
s0,1
y*Y+h+y*Y+,1
y0y*Y*,1
"b.v,E,v.s.",1
",Y*y+y+Y*Y",1
I+Y00,1
V+,1
s*,1
"w,",1
".Y*Y,Y.y.y",1
*,1
s0s*,1
s00,1
s0,1
S*B*,1
H*y0y*,1
"S,S+",1
"+S,s+s,S+s",1
"B,b,s,B,S.",1
"z+z*Z+y,Z*",1
*z*z+Z0y*Z,1
"+s+S,s+s,s",1
"s+s+s,s+s+",1
",s+s+B+s,S",1
"+S.S,s,b,B",1
"+S,S+s*s+S",1
",b,s,B,B,s",1
"B+s,B,S+s+",1
"+s+s,S*b*S",1
s+S0S*,1
"*S,",1
Y0Y.,1
s*s*s*s*S+,1
*s+s+B+t*S,1
B+s*s*s+s+,1
"+S,S+s*s+B",1
"+y+y,Y0Y+y",1
*y+y*z+Y0y,1
"S*S,S+s*S,",1
",S+s+B+s+s",1
"*s*S+S.S,S",1
"+s+s,s+S*S",1
"s,B,s+s,S*",1
"+s,s,s+s+B",1
S+s+s*s*s*,1
"T,S*s*S+S*",1
"S,S+B+B+s+",1
B+B+b+b+b+,1
S*s0,1
s+,1
S*s*s*s*s*,1
"B*s*s+S,S*",1
"+s+s+S*S,s",1
.S.S.S.s.S,1
*s*S+S0s*S,1
"s,B,s,s,s,",1
Y*Y+Y.Y*H+,1
S0S*,1
s*s0s*,1
",s+s*S,S+S",1
S*,1
"B,s+s+s,s+",1
z*z0Z*,1
z*Z00,1
Z0,1
z*Z.,1
y*Z00,1
00,1
"Z,Y*z0",1
Y+Z0,1
0,1
0,1
e+v+v*v*v*,1
"*Y,Y0Y,Y*y",1
S+S*,1
S.S.S.S.S.,1
.S.S.s.s.B,1
s+S*s*,1
S+S0,1
"b,",1
"S,S.Z.y.Y.",1
+s+S*B*s*S,1
"s+s*S,S+",1
*s+B+B+s*s,1
"Z,",1
0,1
z*z*z*Y+Z*,1
"*z+Y,Y+Z0Z",1
Z*z*,1
Z*G*X.Z0,1
b+b+b+b+b+,1
S+S0s*,1
"s*S,S+s*s*",1
s*,1
S*,1
s+s+s*s+s+,1
"B0S,",1
",s.S,s,s,s",1
"s,b,B,b,s,",1
S*,1
s+s*,1
"S,S*S+S*s*",1
s*s+S*s+s*,1
"Y+y*Y,Y*",1
*s+b+S*s*S,1
S*s*S+,1
S0,1
s*,1
A*,1
s*,1
*,1
S*s*,1
0,1
i0,1
0,1
s*S0,1
"Y,Y*",1
V0v*,1
"Z,y,Y,y,y,",1
S*,1
y*Z+z*Y0y*,1
s*s*s+s*s*,1
i0,1
*Y.Z*Z.Z.Y,1
*s*,1
+s*S+S*s*s,1
y0H0,1
"y,y,Y000",1
.v.v.h.v.v,1
z*z*y+Z*Z+,1
Z00,1
I*y+Z*z*I+,1
S*B*S*,1
"s,s,S.S,s,",1
"B,B,s,B,s,",1
"s+S,s,S+b+",1
B*,1
"s+s,S+s,s,",1
"W.W,W.U,U.",0
".h.H.Y,Y*Y",0
w.,0
W.w.,0
"Z,W.W.W.w.",0
W.f.F.,0
"W,W.W,W.Z+",0
",h,h,h,h,h",0
"w,w,",0
"Z,Z.Z.x.W,",0
",W.W.W,W.w",0
I.z.I.,0
i.z.z.Z00Z,0
"u,u,u+u,u,",0
z*Z.Z.Z.z.,0
".y,Y.Z.U+u",0
.Y*Y.H.Y+Y,0
"+u+U,d,u,u",0
".Z+Y,Y.y.Y",0
"U+u,u+U,u,",0
Z.Z.z.,0
"u,u,d,U+u,",0
z.I.I.I.Z*,0
",u,U+u+u+u",0
.Z*Z.Z.Z.Z,0
z0,0
h*,0
Z.,0
z.Z.Z.Z*z*,0
I*,0
z0,0
Z*,0
00,0
0,0
"w.W,W.",0
I0,0
X*Z.,0
Z.z.Z.Z0Z*,0
I*i*,0
z0,0
.y.x.X.H.X,0
z+I+z*Z+Z*,0
z+z*Z+z*z+,0
+I*z*z+I+Z,0
+z*z+z+Z*z,0
I.I.Z*Z.z.,0
+W.W*W.W+W,0
i0i0,0
"u+u,d,u,",0
",u,u,u,d,u",0
"u,d,d,u,d,",0
"y,",0
",V.v.X,v,Y",0
V.,0
V.V.Y.V.v.,0
.i.Z+Z.z.W,0
.z.z.I.i.W,0
*h*y*y*h*h,0
*Y*h*h*h*h,0
*y*y*h*h*h,0
*y*h*h*h*y,0
Y.Z.z.,0
"Y,Y,Y,Z*z*",0
I0I*,0
i0z*,0
i0I*,0
z*z0,0
f0,0
f0,0
i0e0,0
"R.R*u*R,R.",0
X.Y.y.Y.Y.,0
r.R.U.R.R.,0
Z.Z.,0
".z.Z,Z.Z.I",0
"X.X,X.G.X.",0
Z.,0
Z.Z.Z.,0
Z*,0
"W.Z,Z.Z.W.",0
Y*Y.,0
Z.Z.z.,0
"W.W,Z.W.w.",0
Z.I.Z.,0
z.z.,0
"Y,X.",0
H.y.y.,0
w.,0
z.z.Z.,0
z.,0
Z.I.I.Z.z.,0
Z.z.i.,0
Z.z.Z.,0
Z.Z0,0
"X*X,X,G.",0
X.X+X.x.,0
G.,0
y.Y.y.y.z.,0
z.I.i.,0
"I.z.z.Z.Z,",0
i.i.Z.,0
0f0f0f0f0f,0
0i0f0z*z0i,0
z.z.z.z.z.,0
00h0000000,0
"Z.Z,W.V.",0
X.Y.y.Y.X.,0
U.u.R.R.R.,0
W.Y.W.,0
Y.Y.z.,0
0000000000,0
W.,0
".G.W,W.W.w",0
Y.,0
.Z+W.w.w.w,0
.Z.I.Z.Z.z,0
"y.W.W.Y.W,",0
W.W.w.W.w.,0
X.,0
Y+W.w.,0
W.X+Y.Y.i.,0
"W,W.W.Z*",0
W.W.W*W.W.,0
"W,W.W.",0
Z*W.W.,0
Y.W.Y.,0
W.W.,0
Z*Z*,0
z.Z*Z.y.Z.,0
*Y.Y.Z.Y.Z,0
"W.z.W,",0
Z.Z.z.Z*Y+,0
f.W.W.,0
Z.Z.I.,0
"W*Z.W.W,",0
W.W.,0
w.,0
Z.Z.Z.Z.,0
",g,g,g,g,g",0
z.W.,0
Z*,0
z.z.z.,0
Z.Z.Z.,0
I.z.z.z.Z*,0
Z.Z.z.z.Z.,0
0000000000,0
0000000000,0
z*,0
Z*,0
w.F.f.f.,0
F.w.W.Z.,0
W*W.w.,0
Z*,0
Z.Z.I.I.Z*,0
W.W.,0
.W.W.Z+z+Z,0
F*W.W.W.W.,0
Z.z.Z.z.Z.,0
W.,0
y.y.Y.Z0,0
i.Z+Z.Z*,0
"Z,Z*Z.Z+Z*",0
Z*Z.Z.Z+Z.,0
.w.Z.W.W.Z,0
z*,0
W.w.,0
".Y,Y*Y,y.Y",0
.h.Y.Y.Y.Y,0
Y*Y.,0
z.I.I.,0
W.Z*W.,0
Z.z.Z.,0
Y.y.Y.Y*,0
Z.y.Y.,0
y.H.y.,0
X+,0
"X,X*",0
V.X*x*,0
".Y.X,x.V.V",0
W.W.W.,0
F.w.w.,0
W.,0
Z.Z.I.,0
Y.Y.X.X.X.,0
W.w.w.,0
Z.Z.Z.Z.z.,0
Z.Z.I.z.I.,0
",y.Y*Y.Y.Y",0
W.,0
W.W.W.,0
0000000000,0
0000000000,0
0000000000,0
0000000000,0
y.Z.z.Y.I.,0
w.,0
"W,W.H.",0
0000000000,1
"Z.Z.W,W.W,",0
"I.i.W.Z,z,",0
"U,U.R,v.U.",0
x.,0
"X,",0
X.,0
W.,0
W.W.w.w.Z+,0
.W.z.z.Z.i,0
X.X+,0
w+Z.,0
Y*W.Y+W.,0
".Z.X,Y+W.w",0
".W,W.F.W*W",0
W+W.w.f.W.,0
+W.W+W.Z*W,0
W.,0
",h,h,h,h,h",0
"h,h,h,h,h,",0
"w,W.W.X.W+",0
",W.W,W.W.W",0
"u+u+u+U,u,",0
",u+u,u,u+U",0
+Y.y.Y+Y.H,0
",u,d,d,u,u",0
h.Y+Y.h.Y+,0
"+U,U+u,u+U",0
z.i.z.Z.Z.,0
I.I.F.w.z.,0
",d,u+D+u,u",0
w.,0
"D,u,u,u,u,",0
"f.f.f.Z,Z*",0
Z.Z+Z.,0
Y+W.w.,0
"x+y+W.F.X,",0
0000000000,0
"f.W,W.W,W.",0
"W,W.",0
Z.Z.Z.,0
"W.z.w.W,W.",0
W.F.,0
"z.Z,Z.Y*Y.",0
"w.W.W.Z,",0
Y+,0
"W.F.Z*z*W,",0
Z.Z.,0
G.Y.X.z.,0
",w,W.",0
Z.,0
0000000000,0
"Z,Z+z*W,W.",0
i.I.I.,0
Y.Z*Z.,0
",Z.z.Z.Z.Z",0
Z.Z.z.,0
"u,u,u,u,u,",0
",d,d,u,u,d",0
",u,u,D,U,d",0
W.,0
Y.,0
"y,y,y,",0
"X,X+X,v,V.",0
"Y+Y.V.X,",0
"V.v.V.X.X,",0
"Z.Z,Z.",0
W.Z*Z.Z.z.,0
".W.Z,Z.W.Z",0
".Z.z.Z,W.w",0
W.y.,0
0000000000,0
0i0i0i0i0i,0
y*h*h*h*h*,0
h*h*h*h*h*,0
*y*y*h*y*y,0
y*h*h*h*h*,0
i0i0i0i0i0,0
0000000000,0
0000000000,0
0000000000,0
y.y.X.,0
"W,",0
"W,",0
W.,0
"W,",0
"W,",0
"W,",0
W.,0
f0f0f0f0f0,0
0I0i0I0i0I,0
i0i0i0I0I0,0
i0i0i0f0z*,0
0000000000,0
0000000000,0
"z0Y*Z,z,",0
Z+Z0z*,0
0i0i0i0i0i,0
000000r000,0
000000000E,0
0f0f0f0f0f,0
0f0f0f0f0f,0
0i0i0i0z0z,0
"*R,R.U*r*d",0
0i0i0i0i0i,1
Y*,0
"Z.w.W+W.Y,",0
z0,0
.W.W.w.W.W,0
",y,Y.Y,H,Y",0
Z.i.Y.z.y.,0
Z.I.z.I.Z.,0
Z*U*z*I*y*,0
X.X.X.X.X.,0
r.U.a.R.u.,0
I.z.z.,0
y+h+h+h+y+,0
",Y.F.Y,Y.Y",0
W.Z*I*,0
I+,0
Z*z*W.,0
X.x.x.,0
".Z,W.w.Z.Z",0
Z.I.I.,0
*W.X.W+W.X,0
*G*x*x+G+x,0
".X.X,X.X.X",0
W.y.W*W.y.,0
.W+W.W.F.f,0
W*W.W.w.w.,0
0X.W+W.w.X,0
z*Z*,0
*z*Z+I+z*z,0
W.F.W*W.W.,0
x.x.x.g.X.,0
.Y.Y.W.y.f,0
W+Z*,0
I0Z.z.Z*Z.,0
.F.W.W*w*w,0
W.Z*W*w*,0
W*W.W.W.F.,0
*Z.Z*i*Z0Z,0
z*z*i*,0
W*W.W+z*z*,0
*W.W*W.w.Z,0
.Z.Z*w*W.W,0
Y.,0
X.,0
z.I.z.,0
Z0W.,0
"W.w.Y.Z,W.",0
W.,0
.X0Z.F.Z.w,0
i.z.Z.Z.Z.,0
.Z.Z.Y*Y.Y,0
Z+Z0i0,0
Z+Z0z*z*z*,0
+W.f.F.F.F,0
.Z0Z.i.Z.I,0
.w.w.Y.Y*Z,0
z.Z.Z.Z.,0
w.w.Z*w*W.,0
"Y,Y.h.Y.y.",0
"Z*Z,Z.X*X.",0
Z0w*W.,0
f.,0
W.W*w*w*x*,0
z*,0
"z.Z,Z0Z.Z*",0
.Z.Z*Y+Y.y,0
x.,0
"Y+y+Y.Y,Y.",0
Y.Y*Y.Y*Y.,0
"Y,Y*",0
".Y,Y.Y*y*Y",0
".Y,y+y*Y.Y",0
+Y.W.Y*Y.Y,0
"Y,h,Y.Y,Y.",0
"Y.Y*Y,Y*Y,",0
z.I.I.,0
W*W.w.X*x*,0
"W.W.X*X,x,",0
",X.X,w+W.w",0
Z+Z0i0,0
W0W.,0
Z.z.I.z.Z.,0
Z.I.Z.Z*Z.,0
"w.W,W.",0
Z.,0
".I.I.Z.z,Z",0
"Z0W.W.W,W.",0
Z.Z.z.i.Z.,0
Z.Z.,0
Z*Z.Z.z.I.,0
z.Z.Z*,0
.Z.Y*Y.Y.y,0
0W.W.,0
.Z*Z.Z.z.Z,0
w.Z.Z.I.Z*,0
I.I.Z.Z.Z.,0
z0i0,0
w*Z.W*Z.,0
Z.Z.z.Z.z.,0
Z.,0
z*z*,0
Z.Z.Z.Z.Z.,0
Z.Z.z.I.Z.,0
Z.,0
Z.Z.Z*Z.Z.,0
*Z*F*W.Z*Z,0
Z.Z.Z.Z.Y*,0
"W.Z.w,W.W*",0
z*z*,0
Z*f*W.f.Z.,0
y*Z.I.,0
"Z*w*W.w.Z,",0
I.Z.Z.,0
W.w.W.Z*W*,0
0,0
Z.Z.z.z.i.,0
Z+Z.Z.,0
"z*Z,W*z*z*",0
",Z*Z0Y,Y.y",0
Z.w.W.w.X0,0
W.w.W.Z*W.,0
W.Z*F*W.X*,0
z.I.I.Z0x*,0
Z.Z+z*,0
Z00w*W.W.,0
Z.,0
w.F.Z0x*z*,0
W.W.f.W*W.,0
.W.W.W.W*W,0
.W*W.w.W.W,0
.w.w.F.W*W,0
.W.w.W*W.w,0
z.Z.z.,0
z*Z*,0
Y.,0
Y.H.,0
Z.Z*Z*z*z*,0
Z.,0
Z.Y0Y.Y.w.,0
"z.Z,Z0Z.Z,",0
Z.I.Z.Z*Z.,0
.Z.Z*Z.Z*Z,0
".f.W,W.W.W",0
Z+Z0i0,0
",Z.z.I.Z*Z",0
W.,0
I.Z.Z.,0
w.Z.W.,0
Y.y.Y.y.Y.,0
W.W.w.w.W.,0
Z.i.i.,0
"Y,Y.w.W.",0
*Y.w.w.w.Y,0
h.H.H.Y.Y.,0
F.W*W.,0
w.,0
h.H.H.,0
*Z.Z.z.Z.Z,0
"X,X+",0
"X.X,X.X.x,",0
"x,X.x.x.X+",0
h.V.Y.X.X+,0
z.z.I.Z*Z.,0
H*H*,0
"y,y+Y.Y,Y.",0
Y.Y.Y.Y*W.,0
y.z.z.,0
Z.Y.Y.,0
Z+z*i*z*W.,0
z+z*z*z*,0
+z*z*z*Y+Z,0
Z.z.Z.Z.z.,0
".I.Z*Z.Z,Z",0
I.I.z.Z*Z.,0
Z.I.z.z.Z*,0
W.,0
Z.Z.z.,0
",Z.Z.Z,w,W",0
W.W.w.f.w.,0
z.Z*Z.I.Z.,0
Y.y.y.Y.Y.,0
Z.Z.z.z.z.,0
"Z,Z.z.Z.Z.",0
"Z,Z.Z,",0
Y.Y.H.,0
.I.i.Z*Z.Z,0
".z.z.Z,Z.Z",0
Z.,0
z.z.,0
.z.Z*Z.Z.Z,0
I.I.i.Z*Z.,0
i.i.i.,0
i.,0
Z.Z.Z*Z.I.,0
".i.I.Z,Z.Z",0
Z.i.Z*Z.z.,0
".i.Z.Z,Z.z",0
"I.i.Z,Z.",0
",Z.I.z.z.I",0
Z.Z.,0
Z.Z.Z.Y*Y.,0
Z.Z*Z.,0
Z.,0
Y.Y.,0
f0,0
z0f0,0
.r.u.U.R.R,0
G.g.G.U.U*,0
x.w.X.,0
z.z.Z*,0
.z.W*W.Z.w,0
X*W.W.X.,0
w.W.,0
Y.W.W*W.w.,0
Z.,0
z.z.w.W*W.,0
w.,0
w.,0
i0i0,0
W.w.w.w.,0
z.z.I.,0
W.W.w.,0
.Y.z.Z*W.W,0
Z.Z*Z.Z.Z.,0
z*,0
.X.X.y.x.X,0
i*,0
",g,g,g,h,g",0
z*z0z*z*,0
i0i0,0
F.W.F.,0
X.G.g.,0
z*,0
*W.w.W.W.X,0
Z.Z.i.Z00,0
Z.Z.Z.Z*z*,0
w.W.W.W.F.,0
y*,0
*z*,0
"z*Z,Z.",0
*,0
+Z.W.W.F.w,0
0,0
*z0,0
Z*Z.,0
Z.Z*Z.Z*Z.,0
W.Z.W.Z.W.,0
i0i0,0
.Y+Y.Y.y.y,0
y.y.Y.,0
Y.Y.y.y.H.,0
w.Y+Y.Y.y.,0
z.I.I.,0
Y+X.,0
V.v.v.,0
X+X.,0
W.,0
Z.y.Z.,0
w.W.W.,0
W.X*W.F.w.,0
.W.z.W.W.W,0
U.R*a*a*A*,1
.R.r.r.R.R,1
A.,1
"B.A.S.s,b,",1
"r.R+s*S,",1
S.,1
"S,R.S.S*S.",1
s+S*,1
"r+r+s+S,S*",1
R+,1
"s,S*B+s*",1
S.,1
S.,1
"R.S.s,b,b,",1
"b,b,b,b,b,",1
"S.s,b,b,S+",1
a.A.A.,1
".S.s,b,b,b",1
"R,S+A+b+R,",1
r.S.,1
",R.S.s,b,b",1
"S,S.B.b.r.",1
s*,1
B+r+s*R+,1
"S+R,R.S,",1
S.S*,1
"S.s,b,b,R+",1
r+,1
"S.S,s,R.S,",1
",b,b,b,b,b",1
"R*s+S,R.S+",1
"a.S.R*S,S+",1
S.,1
"S,R.S.s,b,",1
",b,b,b,b,b",1
"R,",1
R.S*,1
s+S.A.S.S+,1
",B,R.S.R*s",1
"r*S,R.S*s+",1
"*R,S*S,r+s",1
s*A*S.S+,1
".S,r+s,S*S",1
",S*R,R.S+S",1
"R,",1
"S,R.S.S*",1
S.,1
",y,h,h,h,h",1
"S.S+s*R,s,",1
"B*S,R.S.S+",1
Z.z.I.,0
w.W*W.,0
".Y,Y.y.W.w",0
Z.z.Z.Z+,0
U.U.R.R.v.,0
X.x.G.G.g.,0
W.X*,0
X+Y.G.x.Y.,0
w.,0
.W*W.W.w.W,0
z.z.z.z.z.,0
w.W.W+W.w.,0
Z.Z+z+W.F.,0
W.,0
W*W.F.f.W*,0
W.Y.f.X+Y.,0
i.Z.Z.,0
*Z.Z.z.I.f,0
+W.w.F.W*W,0
".f.Z*W,W.F",0
.X+Y.W.X+W,0
"h,h,h,h,h,",0
X.X0,0
h.,0
".W,W.W.W,W",0
"+W.Z*W,Z*w",0
"W.w.f.W,W.",0
W.W.W.W.Z*,0
"Y,y.y.y.y,",0
.W.w.W.F.U,0
Z*Z.I.Z.z.,0
",d,u,u,u+u",0
Y.H.Y+Y.H.,0
",d,u+D+u,u",0
H.Y+Y.H.Y+,0
"u,d,u+U,U+",0
",U+D+u,u,U",0
.Z.Z.z.Z*Z,0
"d+u+D+u,U,",0
z*z*I*I*z*,0
z*z*z*W.Z*,0
Z0Z.,0
W.W.w.F.f.,0
W.W*W.w.,0
E.,0
"Y,Z,W,Z.Z.",0
W.W*W.,0
w*Z.W+W.W.,0
".F.w.Y,Y,Z",0
",Z.I.Z*z*W",0
".z.z.Y,H,W",0
.X.X.G.X.G,0
h0,0
i0f0,0
i*I0,0
Z.W.Z.W.,0
Z.z.Z.,0
"W,",0
z.I.z.,0
"Y.Y.y.Y,y.",0
W.,0
*,0
.w.W.W.w.X,0
H*z*,0
.F.w.w.Z*W,0
Z*Z*,0
.W.Z*Z*z*z,0
.W.W.W.W.F,0
w.Z.Z.W.Z*,0
Y0X.Z*,0
w.w.Z0,0
i.z.z.Z0,0
"W.Z,Z*Z*z*",0
"W.W.W,Z*F*",0
Z*Z+z*W.Z*,0
Z.Y*z0,0
W.Z0z*z*I*,0
"x.x.Z,W.W.",0
w.,0
W.w.Z*W.W.,0
Z*,0
"+W.w.W,W.W",0
"Y,Y.H.H.H.",0
"X,x,W+Y.F.",0
Z.Z.z.,0
"Z,z,y,Y.y.",0
w.W+W.,0
W.W.,0
"Z,Z.Z.i.I.",0
"Y,Y,Y.Y.y.",0
x.W+W.F.F.,0
w.W+W.,0
W.Z+W.,0
+Y.Y.Y.y.Y,0
.e.X.v.V.V,0
".V.V.X+X,X",0
"+Y.E.V.Y,Y",0
z.Z.Z.,0
Z.Z.z.,0
Z.z.Z.,0
z.i.z.,0
W.F.W+W.F.,0
"Z.Z,Z.Z.Z.",0
.Z+W.F.W.Y,0
X.y.G.y.x.,0
h.Y.Y.H.Y.,0
Y*y*h*h*h*,0
.Y*Y.Y*h*h,0
h*h*h*h*y*,0
h*h*h*h*h*,0
W.F.W.Z*W.,0
w.Z.w.W.w.,0
W.W.W.W*W.,0
f0,0
i0,0
z*Z*Z*Z+R*,0
i0A0,0
z*z0,0
f0,0
f0,0
b.,0
z0,0
",R.R*u*R,R",0
Z.Y.Y.H.H.,0
"h,h,h,h,h,",0
Y.Y.,0
"Z,Z.Z.",0
r.R.R.R.R.,0
"Z.Z*Z,Z.Z.",0
.z.Z*Z.I.z,0
Z.z.,0
.Y.Z.Z.Z.Z,0
Z.z.Z.Z.,0
z.z.Z*Z.Z.,0
z.W.f.,0
Z.W.f.I.z.,0
.W.y.H.W.W,0
W.,0
z.,0
+Z.z.I.z.Z,0
Z.Z.Z+Z.Z+,0
Z.z.z.,0
Z.Y.I.z.,0
Y.,0
V.W.,0
i.,0
.z.Y+Z.i.z,0
I.,0
I.z.I.,0
f.f.w.,0
"W,W.W.",0
V.H.,0
"X.X,",0
"Y.Y,y,y.",0
X.x.,0
X.X.X.X.,0
.X.X.G.x.x,0
.X.X.X.X.X,0
"y+w*Y.Y,",0
Z.Z.Z.,0
I.I.I.,0
"I.Z,Z.",0
I.,0
"Z,z,Z.",0
I.z.z.,0
"Z.Z,Z.",0
R.R.W.U.B.,0
Z.Z.W.V+,0
"x.X,X,x.G.",0
z.i.W+W.W.,0
Z.Z.z.Z.Z.,0
"W,w,Y.X,",0
Y+Y.W.X+X.,0
"+W.w.X,X.X",0
Z.Z.Z.,0
z.Z.Z.,0
z.z.Z.,0
"Z,Z.Z.I.I.",0
w.Z.,0
w.w.w.W.,0
Z.W.W.W.,0
z.i.,0
.I.z.Z.Z+Y,0
H.Y.Y.Y.y.,0
".X.X,y,y.Y",0
".Y,Y.y.Y,y",0
w.,0
Z.,0
"W.Y,Y.h.",0
W.W.,0
"z,z,Z.Z.I.",0
z.i.i.,0
W.,0
W*Z.W.,0
Z.i.z.z.,0
z.z.W+Z.w.,0
Z.z.z.,0
Z+,0
Z.W*W.,0
"Y,",0
H.Y.Y.,0
W.W.Z.,0
Z.Z.Z.,0
"Y,G,x+",0
"X,x,x+X,x.",0
"X,X,X+X,",0
Y.V.V.,0
Z.,0
"Z,Z.Z.Z.Z.",0
Z.,0
X.X.x.X.X.,0
.X.X.x.x.Y,0
"y,",1
".z.Z,Z.Z,Z",1
"y+Y,y,",1
"H,Y.H.H.Y,",1
H.z.h.Y.y.,1
.e.e.e.e.e,1
"b,b,b,",1
Z.Z*,1
",y,Y,Y.Y,Y",1
"y,y,y,y,Y+",1
"H.H,H,Y,Y.",1
"H,y,H,Y,",1
"Y,Y.Y+Y,y.",1
"y,h,Y.",1
"Y,y.",1
Y*Y.y.,1
"y.y.H.y,h,",1
y.H.y.y.h.,1
"y.y,H,Y,Y.",1
",V*Y,E,B,V",1
",B,V*Y,E,B",1
a+,1
"Y+Y,Y+Y.",1
.V.V.V.V.V,1
"y,y,H,y,",1
Z.I.I.Z+,0
R.D.U.W.R.,0
Y.H.Y.,0
.x.Y.Y.x.X,0
f.f.,0
"h,h,h,h,h,",0
",h,h,h,h,h",0
W.,0
.y.H.h.y.y,0
"Z,Y.h.h.W.",0
F.F.Z.,0
"u,d,U+u,u,",0
.z.z.Z.Z.Y,0
"u,U+U,U+D+",0
z.i.Y+Y.h.,0
"u,u,u+Z,W.",0
"d,U+u,u+u,",0
"U,U+U,u+u,",0
".y.y,Y*Y.Y",0
H.,0
Z.I.i.I.,0
.h.H.H.H.H,0
Z.Z.,0
W.,0
Y.,0
.h.h.h.h.H,0
h*,0
Z.z.Z.z.Z.,0
.Z.z.Z.Z.Z,0
"R,R.R*R.R,",0
.D.u.D.R.V,0
"Z,",0
W.W.W.,0
.Z.z.z.I.Z,0
"Z,Z.z.Z.z.",0
I.Z.Z+Z.z.,0
i.,0
z.z.z.I.I.,0
Z.Z.Z.I.,0
Z.,0
Z.Z.z.I.Z.,0
Z.Z.i.I.Z.,0
i.,0
z.Z.Z.z.,0
z.z.I.I.Z.,0
Z.Y.Z.z.,0
Z.,0
I.i.y.,0
I.i.z.,0
z.z.I.,0
I.I.I.I.,0
"z.I.I.Z,z,",0
"X,X.",0
.z.z.z.Z+Z,0
i.i.z.Z.Z.,0
"X.X,X.",0
"z.z.I.Z,Z.",0
Z.i.Z.,0
i.z.,0
Z.Z.z.,0
R.R.u.r.r.,0
"X.W.X.X,R.",0
"I.f.Z+R,",0
"z.z.R,R.X,",0
"W.X.X,H,X.",0
W.w.W+W.W.,0
"i.i.Z,",0
"A,",0
"Y*Y.Y+Y,",0
.Z.W.Y.W.W,0
Z*,0
h.h.X.X.g.,0
I*,0
W.,0
w.,0
"R,R.",0
Z*,0
W.w.w.X*Y.,0
.,0
W.W.W*W.,0
z.,0
Y.y.Y.,0
H.Y.Y.,0
Y.H.y.,0
X+,0
"G,",0
w.,0
".Y.H.Y,H,h",0
Z.Z.Z.,0
Y.,0
S.,1
S.,1
S.,1
S.S*S.r.S.,1
S.S*,1
a*a*a*a*a*,1
S.b.B.r.S.,1
R+,1
*A*S+S.r.S,1
R+,1
".S.s,b,b,b",1
R0,1
S.,1
S.,1
S.,1
s*s+s*,1
r*,1
"S,R.R*r*",1
"*S,R.S.S*R",1
A.S*r*B*s*,1
a.a.r.,1
",b,b,b,b,b",1
",b,b,b,b,b",1
",S.R.S.s,S",1
A.,1
S*s0,1
"s+r*R,",1
"S,R.",1
S.,1
r*r*,1
S.A.S.R*r*,1
S.,1
B*s*,1
S*,1
b*,1
"a*S,R.S.",1
"S,R.S.",1
R*s+s*B*s*,1
+s+S.A.S*S,1
A*,1
r0,1
R*,1
"S,R.S.R*",1
S.,1
R*,1
R+,1
R*s*,1
s*r+,1
S*s*s*,1
r.S*,1
r.S.,1
S+r+,1
R*,1
"R,R*R+R0S,",1
s*r*B*A*,1
R*a*R+,1
A*s*r*,1
"R,R.R*",1
R.R.R.R.,1
S.,1
R.S.R+,1
".S.s,S+s*S",1
"*R,R.r.A.R",1
.S.S*S.R*s,1
"A.A.S+B+S,",1
R0,1
"S+R*R+S*S,",1
"S,R.S.S+r*",1
R.,1
S+R*,1
",b,a,b,b,b",1
"R,r+R*",1
"R.S,s+S,R.",1
",R.R*s*s*r",1
"b,S*S,R.S*",1
.R*r+r*r*B,1
R0,1
S+,1
S.,1
"S.s,b,R*",1
"+S.r.S,R.S",1
R.R*S.S+A+,1
+s*S0S.r.S,1
S.,1
A.S0,1
"S,R.S.",1
R.S.,1
"S,R.S.S*r*",1
s*,1
"r.S,R.S.S,",1
S.R*s+s*s*,1
s*r*r+S*R+,1
+r*s*S.S+r,1
r*R*,1
r*r*r*,1
B*,1
"r*S,R.R*A*",1
s*,1
S*r*s*r*,1
r*,1
S+S*A*,1
s*s*S.R*R+,1
S+r*r*b*B*,1
S.A.S*R+,1
R*R+,1
S.,1
"+s,s+S,s+S",1
*S.S*s+S.A,1
",R+s+b+S,s",1
"R*B*S,R+B*",1
"+S,S+r+r*s",1
"s*S.S,S+s+",1
"r+s+s,B,R+",1
"s,r,r,R*r+",1
"+s+r,r+S,s",1
"+B+S,s,B,s",1
"S*B*s+R,R.",1
",s,B,S+S,B",1
",s,s+s,B,S",1
"s,s,s,R.R+",1
"s+s,s,s,s+",1
B*,1
R*R0,1
S.r.S.,1
S.R*,1
"S.s,b,",1
".S*S,B,S.s",1
".S,R.S.S*r",1
B+S.S*S+r+,1
s*r*S+S*S*,1
r+B+S.A.S+,1
s*,1
S+s*,1
r+R*s*,1
s*S.R.S.R*,1
"S.A.S,s+S,",1
"S*s+S*S,R.",1
"S*S,R.S.S*",1
R*r*r*r+,1
"R*r*S,s,r+",1
"S,R.S.S,S*",1
R.r.A.,1
"+S*s*S*S,A",1
"B*S+s*B*R,",1
s*,1
S*,1
S.,1
R*s*,1
S+,1
"S,R.S.R*r+",1
r0S*,1
"R.S.s,b,R*",1
"S,R.S+S*S.",1
",h,A,Y.R,Y",1
"S,R.S*s*r*",1
z.Z.Z.,0
.U.R.D.u.r,0
.I.z.I.W.Y,0
"X,",0
z.z.i.i.i.,0
Y.X.,0
i.Z0W.W.w.,0
.w.W+W.F.w,0
W+W.,0
",h,h,h,h,h",0
",h,h,h,h,h",0
W+W.,0
"w.W,W+W.f.",0
.y.H.H.h.y,0
F.F.Z0i0,0
"+u,u,u,u+u",0
Z.I.z.Z0,0
"u+u+D+U,u,",0
Y+Y.H.Y+Y.,0
",u+U,d,u,U",0
.H.Y+Y.H.Y,0
"u+u,u+u,D,",0
I.Z.z.I.Z*,0
",u,U+u+u+d",0
Z.Z.Z*Z*Z.,0
",u+u+U,U+u",0
z*W.Z*z*z*,0
I*z*,0
h.y.H.H.H.,0
W.I.W.,0
"Z.W,",0
"Z.Z,",0
+,0
w.,0
Z*,0
W.,0
z*z*,0
Z.,0
Z.z.z.z.Z*,0
Z.Z*z*,0
z*Z*W.,0
W*W.W+W.W*,0
Z.Z.i.I.i.,0
".Y.V.v.X,X",0
"Y.Y.v.X,X.",0
W.w.W.,0
"Z.Z.Z,",0
G.X.X.x.G.,0
Z.Z.W+W.W.,0
Y.,0
"X,X.",0
.H.y.y.H.y,0
w.,0
W.,0
W.,0
"u*U.U+R,R.",0
Z+,0
"+R.r.R,R.W",0
Z.Z.I.Z.Z.,0
Z.I.I.,0
W*W.X.,0
X.,0
"X.X.X,",0
W*W.w.X.,0
W.w.Z.z.W.,0
.w.F.w.Z.Z,0
".x,X.W*W.W",0
Z.Z*,0
.w.w.f.X.X,0
.W.X.X.x.X,0
Z.Z*Z.Z*Z.,0
Z.z.Z.,0
"X,",0
*Z.I.I.Z.Z,0
.Z*Z.z.Z.Z,0
".Z.W,W.W.f",0
z.,0
Z.i.Z.Z.Z.,0
"W.Z,Z.z.",0
W.W.,0
Z.I.I.i.i.,0
Z.Z.i.Z.Z.,0
z.Z*Z.Z.Z.,0
",W.w.W*W.Z",0
"Z.Z.Z.z.Z,",0
I.I.Y*W.,0
"Z,Z.z.Y*Y.",0
"W,W.w.W,W.",0
"Z,Z.z.",0
"z.Z,z,",0
",z,Z*W*W.Z",0
"Z.Z,Z.I.Z.",0
w.W.Z*Z.Z.,0
I.I.I.,0
.z.z.W*W.W,0
Y.,0
F.w.w.Z.Z.,0
W.W.f.W.f.,0
f.Z.Z.z.Z*,0
.z.z.Y*Z.Z,0
",Z0W,W.w.W",0
z.,0
Z.Z.Z.Z.Z0,0
"Z,Z*",0
.z.Z*Z.z.Z,0
"W0W.W.Z.W,",0
u*Z.,0
V*V.v.V.X.,0
X.,0
.Z.Z.z.Z.Z,0
Z.Z.I.z.Z.,0
"z.z.Z,Z.Z.",0
.Z.Z.Z.Z.W,0
Z.I.I.,0
Z.Z.z.x.,0
I.z.z.,0
Z.z.Z.Z.Z.,0
".i.Z.Z,Z.i",0
Z.Z.z.,0
"Z.Z,Z.I.I.",0
Z.z.Z.Z0Z.,0
"Z.Z.Z,Z.Z.",0
Z.I.Z.,0
.v.U.V.S.D,0
z.,0
I.Z.Z.Z.z.,0
W.,0
z.Z.I.Z.,0
H.H.Y.y.,0
i.Z.Z.,0
"W,W.W.F.Z.",0
.W+W.w.w.w,0
Y.Z.W.I.i.,0
z.z.W.Z.,0
.Y.Y.h.h.h,0
"Z,",0
y.Y.Y.Y.Y.,0
Z.I.Z*,0
Z*,0
W*W.,0
b.S.S.,0
Z.,0
"Y,y.w,y.z,",0
"Y*Y,",0
"Y.y,y+",0
"Y,Y.Y*",0
Z.z.Z.,0
"v+v+v+E+v,",1
"*I*I+Z,y+I",1
z*z+I+,1
"z+Z*y*Z,H+",1
y*,1
".V,Y.V+Y.V",1
z*,1
Z*,1
Y*I*Z.Z+,1
Z*I*,1
Z+,1
z+z*,1
z*z+,1
"Z+Z,",1
Z+Z*,1
+v+v+v+v+E,1
E+v+v+E+E+,1
f+f+f+f+f+,1
f+f+f+f+i+,1
"z,V0",1
+E+E+v+v+v,1
"v,v+v+E+v+",1
"+v,v+v+v+s",1
"U.U,U.U,U.",0
"h,h,h,h,h,",0
"h,h,h,h,h,",0
"+U,U+D+U,d",0
"u+d+u,d,u+",0
H.Y+Y.H.Y+,0
"+u,u+u,u+U",0
"Y+Y.y.Z,y+",0
",d,u,u,u+u",0
Z*Z.Z.z.Z.,0
",d,U+U,u+u",0
z.Z*Z.Z.Z.,0
"U+u+U,u,d,",0
z*z*z*,0
z*,0
Z.Z.Z.,0
Z.Z.Z.z.y.,0
V.,0
Z*W.F.W.W.,0
z*,0
W.w.w.z.W.,0
"W.F.W.W.Z,",0
Z.Z.Z.,0
"d,u,U,U,d,",0
",U,U,z,W.W",0
",u,d,U,u,u",0
Y.Y.y.Y+Z.,0
"*u*R,R.R*u",0
i0i0f0,0
.Y.Y.y.y.y,0
"H,z,",0
"Y.Y,Y.Y.y,",0
".Z.W,W.Z,W",0
.h.Y.H.Y.X,0
z.I.i.,0
H.H.H.Y.,0
.Z*Z.Z.i.I,0
z*Z*Z0,0
.U.U.u.u.R,0
"X,",0
W.W.,0
Y.,0
"Y,X.",0
"X.W,W*X.X*",0
x0x*w*X.W*,0
*X.X.X.X*X,0
w.X*W+W.w.,0
"W.Z.Z.i.W,",0
W.W.f.Z*Z.,0
".W,X.Y*Y.W",0
z*z*F*W.w.,0
*Z+W*W.W.Z,0
X0X.X.W*W.,0
.W*W.W.w.w,0
w.X.X.x.x.,0
.X*Z.Z.Z.Z,0
Z+W.W.W.,0
Z.Z*Z.Z*Z.,0
W.Z*W.W.w.,0
00,0
"W+W.w.W,W.",0
w.w.F.w.,0
Z*Z.Z0Z.,0
0Z*w*W.Z*,0
F.Z00w*W.W,0
"00Z,",0
.X*W.X*W.w,0
z.i.i.,0
0Y.,0
Y0000Y.Y.,0
z.Z00Z.Z.i,0
"W.W,W.",0
.Z.Z.Z.z.Z,0
W000Z.Z*I*,0
.W000W.W.Z,0
Z*I*z*z*,0
Z*V.Z.X00Z,0
".Z.Z.Z,Z.Z",0
Z.I.Z.z.Z*,0
z*,0
".f.Z.Z,w,W",0
.F.W0W.w.Z,0
f.F.Z0W.W.,0
w.W.Z0W.W.,0
.w.w.w.Z00,0
"w.Y.Z,W.w.",0
Z.Z.Z*Z.Z.,0
Z.Z.,0
w.Z000,0
".y.Y.y.Z,w",0
Z.,0
w.W.Z.Z.Z.,0
"Z,Z.Z.Z.W.",0
V.e.e.V.V.,0
Y.Y.H.y.y.,0
.h.W.W.F.w,0
z.z.Z.,0
0W.w.W0W.f,0
00W.w.W*W.,0
W.W*W.w.W*,0
Y.Y.Y.Y.Y.,0
"y,y,Y+",0
Y.h.y.y.y.,0
Z.,0
.Z.Z.Z.Z0Z,0
Z.,0
f.,0
Z.Z.,0
i.Z.,0
"Z.i.I.Z.Z,",0
Z.Z.z.Z.Z.,0
z*Z.z.I.I.,0
"W,W.W.W.Z.",0
z.z.i.I.Z+,0
"W.W,W.W,W.",0
Z.i.Z.I.i.,0
"Y.Z,Z+",0
i0i0i0,0
I.Z.Z.Z.,0
"w.F.W,W.W.",0
00Z.W*Z.,0
00Z.W*Z.,0
0Z.Z.I.,0
Z.W*Z.W*Z.,0
Z.Z.Z.Z.Z.,0
Z.Z.Z.i.,0
.Z.i.i.Z.Z,0
Z.Z.Z.Z00Z,0
Z.Z*Z.Z.Z.,0
00Z.,0
Z.,0
F.,0
i.I.i.,0
Y+,0
"w.W,W.w.Z+",0
z0Z.Z.i.,0
"Z,Z.Z+Z0z0",0
*W.Z*y*X.X,0
Z.Z0z*z*W.,0
"W.W,W.Z+Z.",0
i.Z*z0z00,0
.Z.w.W*W.W,0
Z0,0
"F,W.f.f.w.",0
.w.W.w.Z.W,0
z*,0
z*W.W.W.Z*,0
i.Z.Z+X000,0
0z0Y*Z.Z.z,0
".Z.W.W,W.w",0
",Z.z.z.",0
*Z*W.W.,0
Z.z.Z*z*,0
"F.W,Z*Z.Z*",0
"z*Z,z,Z*Z0",0
",w,W.w.F.W",0
00Z.z.Z*Z.,0
Y.y.g.,0
i.Z*Y.z.Z*,0
F.Z*Z.Z00W,0
".W,W.w.F.f",0
".W,W.W.W.F",0
"W,W.F.f.",0
".W,W.F.F.f",0
Z.Y.Z.Z.Z.,0
*Z.Z.Z.I.Z,0
Z00Z.Z*w*W,0
W.w.F.F.Z0,0
W.w.Z00Z.Z,0
.W.w.Z.Z.w,0
Z.Z*Z.,0
.Z*Z.Z*Z.Z,0
.W+W.W*W.W,0
F.,0
0,0
Z.F.,0
0Z.z.Z*u0,0
Y.Z.W.,0
"Y,y,Y.y.y,",0
",W.W.W.F.W",0
".Y,Y.Y.y.Y",0
"X,G,W0Z.g.",0
W.w.Y.Z*Z.,0
".Z.Z,Z.z.Z",0
.w.Z+Z.Y+Y,0
"x.x,x.G.X,",0
.Z.Z.z.Z00,0
Z.Y0Y.y.y.,0
Y.W*W.w.Y*,0
W000W.f.X.,0
"Z,Z.W.Y*Y.",0
".H.y.W,W.w",0
W.f.,0
W00W.w.Y.Z,0
W.w.X.Y00Y,0
.Y.H.H.Y.X,0
Y.W.W.w.w.,0
".X,x,Y*V.y",0
".v.V.X,x.x",0
V*V.v.X.X.,0
x.x.X.X.x.,0
.Z.Z0Z.Z.Z,0
.W*W.W.W.W,0
"Z.Z.Z.Z.Z,",0
W.W.,0
".Z,Z.Z.Z.z",0
z.z.z.,0
Z.Z*Z.z.z.,0
Z0Z.z.i.z.,0
W.W.W.w.w.,0
.W.w.W.Z.Z,0
y*,0
z+,0
y.y.Y.,0
W.w.,0
X.X.Y.X.X.,0
.z.Z.Z.Z.Z,0
0Z.z.Z.,0
"z.Z,Z.",0
Z.Z.z.,0
".z.Z,Z.z.I",0
"Z.Z,Z.Z.Z.",0
Z.z.,0
Z.Z.Z.z.Z.,0
I.,0
z.I.Z00Z.Z,0
".z.Z,Z,Z.Z",0
i.i.i.Z.,0
"z.Z,Z.",0
Z.Z.Z.Z+Z.,0
"Z,Z.Z.I.",0
"Z.Z,Z.Z*Z.",0
"z.Z,Z.Z.Z.",0
W.F.,0
.W.w.Z.Z.Z,0
".z.z.Z,Z.E",0
.y.Y.y.Z00,0
R.,0
Y.H.Y.y.Y.,0
.i.Z.Z.z.i,0
.W.Z.W.W.W,0
W.Y*,0
X*,0
Y.,0
W.W.X.,0
f0f0,0
i0a0,0
W.w.,0
W.F.,0
W.,0
Y.Y.Y.H.y.,0
"z,W0W.z.",0
W.,0
.A.R.R.u.R,0
X.G.X.,0
"Y.X.X,X.",0
z.Z.Z.,0
.X.X.X.X.X,0
I.W.W.Z+Z.,0
Z+Z.Z.Z.Z.,0
"X,X.X.Y,Y.",0
Z.,0
"X+X.X,X.X,",0
"X+X.X,X.X,",0
W.w.,0
W.,0
.w.W.W.W0W,0
.I.z.Z.Z.z,0
"W,Z.W.W.Z*",0
Y+W.,0
Y.Y+Y.Y.Y+,0
g+y+y+x+G+,0
",Y+y+H+H+y",0
Z.Z.Z.,0
W0W.w.,0
W.,0
Z0Z.W.,0
w.Y0Z.Y.W.,0
i0i0i0,0
"z.W,W.F.F.",0
"w.z.z.W,W.",0
".W.W.Y,Z.W",0
.W.Z*Z.z.W,0
W.W.W.W*W.,0
.F.f.W.Z.W,0
0,0
0,0
Z*Z.Z.Z*Z.,0
"f.W,W.W,W.",0
W*,0
W.w.Z0W.W.,0
h*i0i0,0
"Y,W.w.w.",0
"g,g,g,g,g,",0
z*I*z*z0I*,0
i0i0f0,0
Z.,0
i0,0
00Z.,0
".W.Y0Y.Y,Y",0
Z+,0
z*,0
"Z.X*Y.z.Z,",0
"w.F.Z,Z.",0
*,0
.W.Z*I*z*W,0
.w.F.w.W.W,0
W.W.W.F.W.,0
Z*Z0Z.Z.Z.,0
"w.W.Z,W*W.",0
w.w.W.W.w.,0
i0i0i0,0
.Z0,0
Z.Z*Z.Z.,0
"W.W.W,W.W.",0
i0i0i0,0
W.Y.,0
Y.Y.,0
"Y.Z,Z,",0
".y.Y.Y,Y.y",0
"Y.H.H.Y,I,",0
Y*,0
Z.,0
"I.z.Z.Z,Z*",0
Z.Z.z.,0
x.,0
w.w.,0
W.W.F.,0
"X,x,x.x.X*",0
X.X000X.G.,0
z.,0
"X,X+X,",0
"X.x.X.X,X.",0
W.,0
"Y*Y+y,Y.Y.",0
"V.X,x.G.G.",0
y.Y*Y.Y.Y.,0
Z.Z.Z.Z*,0
.z.f.F.F.F,0
w.w.,0
"W,W.Z*z+I+",0
"x.X,y,W.H.",0
s*S+,1
r+,1
s*,1
s*b*r*B*s*,1
".s.r,b,r.r",1
R.a.,1
"W.B.u,U.V.",1
"U.V,R.u.U.",1
",H,y,y,H,y",1
s*,1
R*,1
"r*R,",1
"z+w,F,w,e,",1
"+w,z,z,v,z",1
h*h+H+H*H+,1
s*,1
E*v+V*,1
S*,1
v*,1
"z,",1
A*,1
*R+R*R+R*R,1
S*,1
"S,S*",1
"S,S*",1
s*s*S*,1
".r,r.r.A.r",1
y*,1
A+Y.y.V*R.,1
*y*y*h*z*y,1
+I+y*z*I*H,1
",h,z,z,I,y",1
*Y+Y*Y+y+y,1
.y.Y*R.Y*h,1
+z*z*I+z*z,1
"Y,Z*y0",1
+I+i+I+i+i,1
"S,s+",1
A*,1
"S+s*S,S*S,",1
s*,1
"y,y+",1
S+,1
s*,1
V*,1
".v,Z.Z*Z0i",1
r*s+r*s*s*,1
"S+S*S,S+B+",1
*s*s*s*B*B,1
r*R0,1
"+B+S,S+s+s",1
",S+s+s+s+s",1
S+R0,1
"+s*s+s,S*s",1
"*s+s,B,S*s",1
"s+S*S+B+s,",1
"s0S+s,",1
s*s+s+s+b+,1
"s+s+s,B+s+",1
"r.r,r,r.r.",1
*b*S+r+B+B,1
s*S+B+s+s*,1
"S,S*S+s+B+",1
"+r,s,S*s*s",1
",S*S,S*s+S",1
s+S*S+S*S+,1
"*s*S,B,S*S",1
S*S*S*s*s+,1
s*s*s*s+S*,1
"*S+s*s*S,S",1
s*s*s*s*s*,1
"S*S,S*S+s+",1
*r*r*R+S*R,1
s*s*s*B*,1
*b*s*s*B*s,1
s*,1
r*R+,1
R*,1
R*s*,1
"r,r,",1
r*R+r+A+,1
r0,1
S*,1
z*z+i+i*i*,1
",Z+Z,Z+Z,Z",1
"S+B,S*S,S+",1
S*B*s+,1
S*,1
"Z,Z.y.Z*Z.",1
"Z,Z*Z.",1
"s+s+s,s+s+",1
S*S+S*s*,1
"r*S+s,S*s*",1
s*s*s*B*,1
s+S*,1
s0,1
s0,1
"+z+z,z,F,i",1
"S+S,S*B*",1
"r*s*R,R+R,",1
"s+S*S,",1
"r,",1
s*B*B*,1
R*s*s*,1
r*R+S*B*S+,1
s*,1
R*r+r*r*A*,1
R+,1
v*,1
r0s*,1
S*B*s+,1
S*s*s+,1
*b*b*b*b*b,1
"r*r*R,R*r*",1
"B*r*r*A*R,",1
R+S*,1
*r+R.R*R+R,1
A+A*r+R*r*,1
"R.R,R,S*r+",1
"S0S,S*S,s+",1
r*,1
B*,1
Y*Y.Y0Y*Y.,1
Y*y*Y.Y*y*,1
.Y+Y.Y*Y.Y,1
"Y*Y,Y*Y,Y*",1
"y*Y,Y*Y.Y*",1
Y.Y0,1
.y.y.y.Y*Y,1
"S,S0S+",1
R*r*,1
"r*r+R*R,R*",1
s*,1
",Y*S.Y*Y,y",1
Z+z+z+z+z*,1
z+z+z*z+z+,1
Y*s*,1
Y*s*,1
"+Y,Y.y.y.y",1
s*,1
B*,1
"S,s+",1
r*,1
R*s*,1
"S*S,",1
"*S+s+S,s,S",1
",s,s+s+s+s",1
"s*s+s+B+s,",1
"*s+s,s+s+s",1
s*s*S+s*,1
s*s*S+s*,1
"r+r+r+R,R+",1
".R+A+S,R+r",1
"+s*A*R,R+A",1
"R*R+R,R*R,",1
r*A*,1
"Y+Y.y,s,S.",1
"Z,Z*Z.",1
V+,1
"Y,",1
Y+,1
y*y*,1
"Y,",1
H*,1
s+,1
"+S,S+S*S+s",1
"s+s+S,s,s,",1
"s+S.S,s,S.",1
"*Y,Y+Y,y,Y",1
",v,Y+Y,v,Y",1
"Y,y,y,Y*Y,",1
Z.Z*Z.,1
H+y*y+y+H+,1
",H,H,H,H,y",1
"y+Y*Y,H,Y*",1
",s+s,s,S+s",1
"B,S+s,s+s+",1
"S,s,s+b+s+",1
"S.S,s+s,s+",1
"y,H,y,H,y+",1
",R*r*R+s+R",1
"s,s+S.S,B+",1
"+s+s,s,b,s",1
b*b*b*S0S*,1
S*b*b*,1
*b*s*s*s*b,1
s+,1
"y,y,Z.Y,",1
"Y,",1
"Y,",1
"Y,",1
Y.,1
*S+s*s+s*S,1
"*S,S+B+s+s",1
"s,S*S,S*s*",1
S+s+S*S+s+,1
s+B+S*S+s+,1
S+B+S*s*S+,1
.Z+y+y*y*Z,1
"*Y,Y+Y,Y*Y",1
s*s+b+s*s*,1
+s+s*s*S+S,1
s*,1
*s*S+B+S*B,1
y*y*,1
z*z+H*Z0,1
Y.Z*,1
y*Y*z*y*y*,1
Y0,1
"R,Y*Y*Y0Z*",1
y*Z*z*,1
y*z*I*y*y*,1
z*i*,1
"z,Z*I*I*",1
"Z*y*I*Y,X*",1
y*z*z*,1
y*z*,1
"r,s,",1
"Y*S,y,s,S.",1
",Z*Z.Y,Y.z",1
"S,R*",1
"S,",1
"+s*S,S*R,s",1
"y.Y,y,y,y.",1
"y,y.s,S.Y*",1
",y.y,y.y,y",1
",S.Y,y.y.y",1
"y.y.Y,y.y,",1
"S,s+s+s*S,",1
r*r*r*r*A*,1
r*,1
a*,1
y+,1
0,1
"Z,z,x+Z,z,",1
",Y*Y,y,H,Z",1
"+I*i+z*Y,Y",1
x+x*,1
"r,S,S+s,r,",1
"s+B*s+s+s,",1
"+s+B+B+S,S",1
",S*B*s+s*S",1
",r,s,r.r,r",1
s*,1
"s+r,S.R,r,",1
"s*S0S,",1
"S*s*s*S,",1
"+s+s+s,S*s",1
B*B*s*B*,1
B*s*s*s*S*,1
"*S,S*s+S,S",1
H*,1
y*H*,1
+B+s*s*s+S,1
+b+s*s*S*B,1
"r*s*B*S,S*",1
V+,1
S0,1
"s,R.a.r,r,",1
R*,1
r*b*r*,1
r*r*r*s+,1
s*A*r*r*R+,1
B*,1
s*r*,1
H*,1
",A,r,R.r,a",1
S*S*s*,1
Y*Y+Y*Y+Y*,1
*y+y*h*Y+Y,1
S0,1
R0,1
"V,E,y+v*y*",1
",y+v*y*y*z",1
E*,1
v*E*,1
s*,1
",X.X,X.x,r",1
*b*b*b*b*b,1
"Y,Z*Y,Z*Z.",1
"r*R,r+A+r+",1
v0,1
".Y,y,Y.Y,y",1
v*,1
+i+i*z*z*I,1
y.,1
",R+r*r*R,R",1
*r+r*r*R+r,1
"*H*y+z*Y,Y",1
"S,",1
S0,1
"*S+s,S*S+s",1
"S+s*B*S,s+",1
Y+y*H*y*y*,1
"S*S,S+s,r+",1
"*S+B+S*S,S",1
y*y*y+y*,1
"S,s+s,S*",1
",S*S+s*S,S",1
",U.R,U.U.U",0
00Z.Z.Z.Z.,0
Z.Z.z.,0
X.X.X.X.X.,0
Z+W.,0
Z.Z+Z.I.I.,0
",X.X,X.X+X",0
"X+X.X,X.X+",0
"W,W.W*W.",0
W.,0
"w.W,W.w.f.",0
"w.W*W.W,f,",0
"w.w.f.Z,W.",0
"*W.w.W.W,W",0
",h,h,h,h,h",0
"h,h,h,h,h,",0
W.w.w.,0
"X.Z,",0
"W.w.Z.W,W.",0
"F.W,W.",0
i0i0i0,0
y.H.y.H.h.,0
00z*Z.Z.z.,0
"u,u+D+D+U,",0
Z.i.Z.Z.z.,0
"u,d,u+U,u+",0
".I.I.Y,Y.y",0
"U+U,U,u,u,",0
".z.Y,Y.y.Y",0
",U*U,d,D,u",0
Z.I.I.I.z.,0
",u+D+u+u,u",0
"w.W.W,W.F.",0
*z*Z.I.i.I,0
"u,U,u,u+U,",0
z*z*Z*Z*z*,0
z*I*i*z*Z+,0
Z.z.Z.Z0Z.,0
Y.H.H.,0
"z,z,I,z,I,",0
W.Y*i0,0
i0i0i0,0
F0Z+Z0i0,0
"F.F.W,",0
F.,0
"w.z.F.W,W.",0
W.,0
W.,0
w.W.w.,0
.y.y.y.y.h,0
".W,W.W*Y.Z",0
W.,0
w.,0
Z0z0Z*,0
y+Y.z.Z*Z.,0
.Y.Z.Z*z*z,0
w*z*Z.i.i.,0
I0,0
z.I.I.Z0z*,0
*Z.Z.z.Z0i,0
"z*Z,Z+Z*z*",0
.W.Z*z*I*z,0
Z*Z0z*z*,0
W*z0y*W.F.,0
"y*X.X.G.Y,",0
z*Z0z0,0
z0Z*Z*z*,0
Z.Z.Z.Z00z,0
z*z*,0
f.f.Z*Z.Z.,0
"+z*Z,Z.z.Z",0
z*I*z*z*,0
.z.i.Z*z*z,0
*,0
"*W,W.Z0z00",0
z*z*z*Z+,0
z*z*z0,0
z0,0
Z+w*W.W.W.,0
".w.W,W.w.w",0
W.W.Z*Z.,0
I.i.I.I.Z0,0
+W.F.f.W+W,0
i0i0i0,0
"F.W.W.W.W,",0
".i.y.W.Z,Z",0
"Z,Z.Z.Z,Z.",0
W*W.W.W.W.,0
Z.Z.Z.,0
i.i.,0
X.x.x.x.x.,0
Z*Z.,0
x.x.G.G.x.,0
".W.w.W,Y.w",0
"w.w.z.Y,Y.",0
Z.Z.I.,0
z.z.Z.,0
z.I.Z.,0
z.z.Z.,0
"x+X*X,V*V.",0
"X,X+",0
"y.V.E.X,X+",0
z.Z.Z.,0
".W.W,W.w.W",0
.Z*Z.I.Z.Z,0
"y.Z,Z.Z+y,",0
z+Z.Z.Z+Z.,0
"Z,Z.Z+z,z+",0
W.W.w.W.W.,0
".y.Z,Z.Z.z",0
.I.Z.Z.Z.z,0
.G.g.X.X.X,0
",V.V.X,v.V",0
i0i0,0
y.h.y.y.y.,0
"W0W.W,W.W,",0
.W.w.w.F.W,0
".W.W,W.F.f",0
".W.Z,W.W.F",0
W.w.w.,0
W.,0
w.,0
"Z*W,W.",0
"W,W.W*W.W.",0
w.,0
Z*,0
w.,0
"W*Z.f.W,",0
W*W.,0
.z.Z.z.z.z,0
i0i0,0
s*,1
E*,1
R+,1
V*,1
r*r*,1
S*,1
S*,1
"r,S.S,S*",1
r*R*r*,1
"r,R*",1
s*,1
.E.v.u.u.r,1
.u.w.w.D.D,1
R*,1
r*A*,1
",I,F,E,z+w",1
"y,I,Z.",1
"h.Y,y,y,",1
",Y*y+h+H+y",1
"r.r.A.r,",1
"s,",1
0,1
Y00,1
r+r*r*r*,1
r+,1
R*,1
r+,1
"a,s,A,s,s,",1
S*,1
"+s,S*s*B+s",1
s*,1
y.Y*R.e.Y*,1
Z.Z*z*z*y*,1
",Z+z+y*Y.Z",1
"Z,Z*Y0Y*",1
I.Z+Y0,1
+Y*z*Y+y+y,1
"U*r*Y.R*V,",1
+I+z*z*z*h,1
i+i+i+i+i+,1
+S*S+b+s*s,1
r.,1
S*,1
"y,z,",1
"i,y,Y.z.",1
v*,1
"S,",1
R*,1
s*S*,1
"S,",1
A*,1
"R,",1
r*,1
s*,1
r*R*r*,1
"b*S,s,S+s*",1
"s+s*s*S,s+",1
"R,S*s*s*B*",1
S+R*s*,1
"S,s,S*",1
"S,s,s+S*s+",1
*S+s*S+S*s,1
.Y.Y.y.Y.H,1
"s*S+S*s*S,",1
s*,1
s*s*,1
S*s*s*,1
s*,1
S*,1
s+s+,1
"R,A,R*s+r+",1
R*s*r*,1
"s,S*",1
S0,1
"R,",1
R*r*r+,1
"R*R,",1
"b*r*R,R*s*",1
s*R+R*R+,1
S*r*r*,1
r0,1
"b,",1
+i*I+z*z*i,1
R+r*,1
"r,A,r,R*r*",1
",Z+Y,I,z+z",1
"y+Y,Y+H*Y,",1
",S*b*s*s*s",1
s*,1
B*s*,1
"R,",1
z+,1
"y,z,",1
"S,B,S*S,S*",1
S+s*,1
"s*S,S+s+S*",1
S+s+S*,1
S+s*S+s+,1
"F,Z+z+W,z,",1
"R,z,",1
"r,r,R*",1
".S,S.s.S*r",1
"S,S*s+s*",1
B*,1
r*s*r*r*,1
S*S+S*,1
r*,1
+r*r+R*r*r,1
r+s*B*,1
B*s*,1
R+,1
"A,S+r*r*S*",1
"r*S,R*r+s*",1
R+R*,1
A*r*r*s+s+,1
"+s*r*S,S.R",1
"r+r*s*S,R*",1
"R,r,R+R*A*",1
S.,1
"*Y,Y*Y.Y,Y",1
.y.y.y.y.Y,1
Y.Y.y.y.y.,1
*Y.Y*Y.Y*Y,1
y.Y0,1
Y*H*Y.H.y.,1
.y.y.y.y.H,1
"y.y,Y.Y0Y.",1
B*,1
s*s*,1
"R,R.R,r,r.",1
R+,1
"s,r,r.r,r,",1
s*,1
r*A*,1
"*R+S,s,S*r",1
"s*r*R,R*",1
"R+R*s*s*S,",1
"y,Y.Y+Y.Y+",1
+z+z+z*i+I,1
S+v*v*,1
"+Y,Y.y.y.y",1
S+S*,1
+,1
s*,1
s*b*s*,1
R+,1
"*S+s,s+s+s",1
"s*s*B*s+S,",1
R+r*,1
0,1
s+s*S+,1
S+S*s+R*,1
"R+R,",1
"s,",1
S*s*S+,1
s*S+,1
"s,A,R*R.R*",1
"R,A,r+A+r,",1
"+s,R+r,a,r",1
R+A+r+A+r+,1
"r+r,R*r*",1
Y.y.Y*Y.y.,1
",y.y,H,H,H",1
"H,Y.Y,H,h,",1
S+,1
H*y*Y*,1
y*y*,1
"y*y+Y,Y*",1
y*y*v*y*y*,1
H*y*,1
H*y*,1
v*y*Y+Y*,1
"H*Y,Y*",1
Y*h*,1
y*y*y*v*,1
"Y,Y+Y*y*",1
y*,1
Y*y*y*,1
y*,1
"S+B+s+b+s,",1
"+B+s+s,s+s",1
"S.s,A.S.S.",1
",S*S,S,S+s",1
"y+y,Y+y*y+",1
",y,Y*Y+V*y",1
"y,Y.Y*Y,y,",1
"y.y.Y*Y,y,",1
"Y,y,y,y.h.",1
"y,y,H,y,y,",1
*s+s+b+B+B,1
"+s,S.S+S,S",1
"B,S,S+B+s*",1
"+s+s*S.S,s",1
"y,h,y,y,y,",1
"H,H,y,y,H,",1
"y,z,",1
"y,y,y,H,H,",1
"y,H,Y+Y,z+",1
"r+r+r,R*r*",1
"s+b+S,S.S+",1
S.S.S.R+R.,1
s*s*,1
"s+B,B,S*s+",1
",S*S,s,S*s",1
"*s*S,S*s+B",1
"+s+s*B*S,b",1
s+S.S+B*s*,1
s+s*B*s+s+,1
Y*z*Z.Z*y*,1
S+s+,1
s+,1
s+s+,1
"z+Z*Y,Z*",1
Z*z*,1
I*y*,1
"z*Y,",1
x*,1
z+,1
Z*Y.Z*,1
",Z*y*Z+Z.R",1
Y+Z*z0Z*Z.,1
z*z*,1
"y,Y.",1
",R.A.r.r.R",1
"z,y,y.z,Z*",1
s*B*B*b*,1
"*r*R+r,r+R",1
R0,1
s*,1
"S.S.Z+Y.S,",1
.Z.Y.y.Y.z,1
",s+s+s+s+S",1
"+A+s*R+s,R",1
r*,1
"y,y,",1
",X+Z,X+Z.X",1
V*,1
z+I*y*z*z*,1
"y,y.y,Z*z*",1
x+X.X+x+,1
"s*r*R,A,R*",1
".R.R.r,s,R",1
"+s+s,S*s+s",1
"+s,S*B+B*s",1
s*s*s+S*S+,1
r*,1
S*s*,1
"y,y,",1
"Y,",1
"s+s+s+s,S*",1
"*S+s+S,S+s",1
"S+s+s*S+s,",1
s*,1
+B+S*S+s*S,1
s+,1
",s+s,s+s*S",1
"*H+Y,Y+H+H",1
Y.,1
S*s*,1
S*S+s*r*s*,1
R.,1
"s,S.R,B,S0",1
V0,1
"R*r*r+R*R,",1
"*S,R*R*S,R",1
"B+s,S*s+s*",1
A*,1
R*,1
"R,",1
s*B*s+s+,1
*y*Y+Y*Y+y,1
Y*Y*Y+Y*y+,1
b*S*,1
R.,1
"y,Y.y,z.z,",1
"y,",1
",E,e,H,v,E",1
"e,e,E,e,e,",1
b*,1
"S,s+S*s+s*",1
",X.X.X.x,x",1
z.Z.z.I.I.,1
"y,y.y,y,h,",1
"R+s*r*S,s+",1
".Y,y,Y,y,H",1
"R.A.r.x.R,",1
S0s*,1
S*s*,1
s*s*,1
S+s*r*,1
I*I+i*i*I+,1
"+r+r+R,R+A",1
"R,R+R,R0",1
y0,1
S+,1
"s+s+S,s+s+",1
"+s,s+s*s+s",1
y*y*e*Y*Y+,1
"s,S*s+s+s,",1
"S+s*s+s+s,",1
Y*H*y*h*,1
",b,r,S*S+S",1
S0,1
S.s.B.S.,1
B*s*s+,1
",u,u.U.U,U",1
".u.R,R.U.U",1
A*,1
S.S.S.S.,1
"r.r,r,R.S.",1
S*s*,1
"+w,w,w,F,E",1
"H.Y+Y,Y.Y+",1
s*,1
"S.R+r,",1
"s,r,r.s,",1
"S*A*s+r,R*",1
"R,",1
s*,1
z*Y*Z*Y*,1
*R.V.V*Y.R,1
Y*z*i*y*Y.,1
*y*Y+z*z+z,1
h*y*y*z*z*,1
z+Z.Z+z+z+,1
"*a*r*V,R+Y",1
+i*i*i*y*I,1
y*Z*Y*h*,1
"S,",1
+i+i+I+I+i,1
R+,1
"*R+s*S,S*S",1
"R,",1
"y,y,",1
S*,1
R*,1
R+,1
S*s*,1
s+,1
R+S0,1
"R*r*r*R,",1
"S,R*S*R*R+",1
"S+s+s,s+S,",1
"S,R*R+R.",1
"+s+B+B+s,S",1
"+S,s,S+s+s",1
"s*S,S+s,s+",1
"+B+s+S,s+s",1
"s+r+r,r,r,",1
s+s*s*s+s*,1
H.Y.Y.h.y.,1
s*,1
s*,1
S+S*s+,1
S+s*S+,1
"s+S,",1
"s+S,",1
"r*R,R*r*R.",1
"R,R*",1
r*R+R*,1
"R*R,R+R*r*",1
t*a*R+R*,1
R*,1
r*,1
r*,1
i*i*i+i*i+,1
"Y,Y.Y,",1
h.Y.Y.,1
"R,B,r,a,",1
"*B*r*A*R,R",1
",i,Y+z,Y+Y",1
"B,s+s,s+B+",1
R+s+,1
S*s*s*s+,1
"+s*S,s+s*s",1
S.,1
s*S+,1
S*,1
S*,1
"z,H,z,z,z,",1
"R+R0R,R.",1
r*,1
R0S*,1
b*,1
S0,1
"B*s+r*S,R*",1
"s*s*S,S*",1
*r+r+r+A+a,1
S+S*s*s*s+,1
*s*s*s+s*s,1
+b+b+b+b+b,1
"S.R*R,R*r*",1
R*r*r+S*,1
r*,1
S*S+S*R+R*,1
S0,1
r*s+R*s*r+,1
S*s+r+r+r*,1
R*s*S+,1
"S,R*R+",1
"r+s+r+r,S*",1
"r,R,R0",1
"y.y.Y*Y.Y,",1
".y,Y.Y*Y.y",1
H*Y.,1
y.Y.Y.y.Y.,1
.y.y.Y.y.y,1
y*,1
"+Y.Y.Y,Y0Y",1
"R,R.R*r*",1
"s*s*s*S,S*",1
s*s*B*S+S*,1
"S,a,R0",1
"r,",1
s*,1
R0S+,1
s*,1
",R*R,R*R+B",1
",v.e.e.e.e",1
Y.,1
Z+y+z+z+z+,1
".Y+Y,Y.y.y",1
S*s*,1
s*,1
s+A+A+s*s*,1
B+B+B+s+s+,1
+B+s+B+B+s,1
"s+s,",1
"R*r*R+R,R*",1
+s*B*r+s*r,1
"+S,R+r,r+r",1
S*r*S+r+r*,1
a+R*,1
r*s*,1
r*,1
Y.y.Y.Y.Y*,1
"s,",1
",y.y,y,y,H",1
"H.H.Y,y,H,",1
"y,y,y,H,y,",1
"S*S+S*S,",1
s*,1
y*y*,1
Y*,1
Y*V+,1
y*,1
"y,Y*y*y*y+",1
y*,1
y*,1
"Y,Y+",1
y*h*y*,1
y*y*H*y*,1
Y*,1
"s+s,s+s+s+",1
"B+S.S+s,s+",1
"Y+Y,Y*y*v*",1
"y*y*Y,Y*Y+",1
".Y*Y,Y*y*y",1
"*Y,Y+y*y*y",1
"y,H,H,h,",1
"+S,S+S,S+S",1
"b,S+s,s,s+",1
"R+R,R*r*S,",1
".y,y,y,H,Y",1
".y,y,y,y.H",1
".y,y,y,y,H",1
r+r*r*r*s*,1
"R,",1
"s,s,s,s+s,",1
+b+b+b+b+b,1
+b+b+B+b+b,1
"*S,S*s+S*s",1
"A,R.R+s,r,",1
",r,s.r.s.R",1
"s+S,S*B*S+",1
"s*S+s,s+s+",1
"r*s+s+s,B,",1
*Y+z+z+y+y,1
s+S*,1
s+,1
"R+S*r*S,s+",1
s+,1
y*y*x*,1
z*,1
z*Y*i+z*,1
X*Y+Y*,1
"X+X,Z*z*y*",1
Z+y*y*y*,1
z*,1
Y0,1
H*,1
Z*z*,1
"Y,Z*",1
z*y*Y*H*z*,1
I*z*Y.Z+y*,1
S*,1
s+S*s*s+,1
+R*r*r*B*R,1
"R,s,",1
"Y,Y.Y,Y.",1
".Y,Y.Y.Y.Y",1
",B,s+B+s*B",1
*r*R+r+r*R,1
*,1
"z+I*Y,Z*I*",1
+I*z*i*z*y,1
"R,S+b+r*",1
"r,r,s,r,R.",1
S*s+s*B*s+,1
+b+b+b+b+s,1
S0,1
"B*s*s+S*S,",1
"*s*s*S,S*B",1
s*,1
"S+s*S,S*S,",1
Y.,1
S*S+s+S*s+,1
s*s+s+,1
"*S,s,S+S,s",1
"+Y,Y+y+y,Y",1
"*Y.Y*y*R,Y",1
"B*s+s+s,s+",1
"S,s+S*",1
"*B*S,s+s+s",1
S+,1
"r,R*R,r,",1
"R,R0R*",1
B*s*B*,1
S*s*s*,1
"S.R*R,S0",1
s0,1
s*s+,1
y+y*y*Y.,1
.Y*Y.Y+y+y,1
s*s*,1
s*s*s*,1
",E,v,b,V*S",1
"b,Y*S+H+Z.",1
v*,1
.G.x.g.x.x,1
+b+b+b+b+b,1
*Z.Z*Y.Y*Y,1
r*,1
B.,1
S.S.R*r*R+,1
".Y,y,Y.Y,H",1
*i+i*i*I+i,1
S+r*s+r+r*,1
a*R0R+r*r+,1
y*,1
S*,1
"S,S*s+B+s+",1
+s+s*s*S+s,1
y*y*Y*,1
"s+b+B*s*S,",1
"+s,s,s+s,S",1
h+y*y+Y*y*,1
"*s*s+s,S*S",1
A.,1
r*r0,1
"u,U.R.U.V.",1
"U.R.W,S.u.",1
"S,B,",1
"R,R*",1
R*,1
s*r*,1
"S.R,A,r.",1
"R+r*R,",1
"R,r.r.R.",1
R*r*B*s*,1
"s,R+R,S*",1
"w,E,z+w,F,",1
X.,1
"y.Y,",1
y*y*y*y*H+,1
v*,1
V0,1
s*B*,1
E*t*,1
s*,1
Z0i0,1
r+A*,1
"R,",1
"s+s*s+s,s+",1
"r,",1
S*R.R*,1
"Z+I,z+",1
"R*Y.y.Y,Y*",1
Z*z*z*z*Y.,1
.Z+Z.Z.Z.z,1
Z.Z*Z*,1
",x,X,H,y,y",1
.X.Z.Z.z.z,1
y*y+y+z+Y0,1
R+Y.Y.R*Z.,1
I*z+H*Z*,1
+i+I+z+I+i,1
s+s*B+s*s+,1
"s,",1
"+s+S,s,s,S",1
"y,y,",1
s*,1
"r*R,R*",1
R*,1
v*,1
B*B+B*,1
R.S.,1
"S.S,a,r.r.",1
r*S.,1
"+R,r,S0S+s",1
s+s+,1
"S,b,",1
S*,1
"s,S*s+",1
s*S+s*S+,1
S+,1
B+B*,1
s*s*s*B*,1
R+S*s*B*B*,1
s*,1
S*,1
s*,1
s*r*A*s+r*,1
s+s*s*,1
s+s*s*,1
"b.S.S,",1
R+R*r*s*,1
S*R.R.,1
A*,1
A*r*R+R*R+,1
"r*R,",1
*z*z+z*z*I,1
"y+Y,",1
"Y,",1
a.R+R*B*b*,1
"Z,h,Z+Y,H,",1
s*S+s+s+s*,1
R*,1
S*s*,1
"*B*s*s+S,s",1
S+b+,1
S+b+,1
r*s*s+,1
".R,r.r,R+S",1
S*,1
R*S*,1
r*r*,1
"r,R*",1
B+B+S*S*,1
"s+S,S*s*s+",1
s*s*,1
S*B*s*s*,1
s*,1
s*,1
"s+s,S*S*s+",1
"s*R,R+S*R+",1
r*s*,1
"r,",1
"r,A.A.r,s.",1
"S,S*s*A+",1
S*s*,1
R*r*r*R.,1
r*r*A*r*,1
r*,1
s*r*A*s*,1
",s+S*r*R,S",1
S+r+S*r+s+,1
S*B*s*s+r*,1
"*S+r,r,R*B",1
B+B*,1
r*,1
Y*y0Y.Y+,1
y.y.Y.y.y.,1
"y*Y,Y+Y,Y*",1
y.y.Y*y*Y.,1
",Y,Y*Y.H.Y",1
Y.Y.y.Y*Y.,1
H.Y*Y.y.Y.,1
"*s+s+s,B,b",1
"B+s,s+s+s+",1
B+,1
"+s+S,s+s+s",1
r*,1
".s.S.R,r,B",1
"y.Y.Y,Y.",1
S+,1
"R.R,R*r*",1
"R0R,",1
"S*R,R*r*r*",1
Y.Y.Y.Y.Y.,1
z*i+z*Y+z+,1
B*s*,1
",y,Y*Y,y.H",1
s*,1
s*,1
v*,1
+s+S*S+s*B,1
R*A*,1
"r,A,r,r,",1
s+B+s+s+s+,1
",S+s*S+B+s",1
"S*s+s,B+s,",1
"s*S,",1
"s,R*",1
"s,S*s+b+s+",1
"B+s,B+s+s+",1
B+,1
R*r*B*R+B+,1
s*S+s*B*r*,1
S*s*s*,1
",r+r+A+r,R",1
"+r*R,A,r,R",1
"+R,R.R+R,R",1
"R0R*R,",1
B*s*s+,1
".y.Y,Y*Y.y",1
",Y,y,H,y.y",1
".y.y,H,y,y",1
A*,1
"h.y,H,y,y,",1
"y*y*Y,Y*",1
Y0,1
"Y+y*Y,Y+",1
y*H*,1
y*v*H*,1
Y0,1
Y*y*y*,1
y*Y+Y*h*,1
h*s*y*v+Y*,1
y*y*h*s*y*,1
Y+y*,1
y*,1
Y*,1
"y*Y,Y*Y*Y+",1
y*y*y*,1
Y+y+,1
"S+R,R,A,R*",1
"S+s*S,S*s+",1
"Y*Y,Y*E*y*",1
"Y,",1
"y,y.Y+Y,Y*",1
"Y,y.Y*y+Y,",1
"Y*Y,y,Y*y*",1
"z,y,H,",1
"H,y,H,H,",1
"h,y.y.y.y,",1
"s,S+S,s,s,",1
S*a*R+R.,1
S0,1
"+b+s+S,s,s",1
"y,y,y,y,y,",1
R*r*A*r*S+,1
"S+S,s+s,S+",1
"S+s+S,s+s+",1
"+s+s,S*s+s",1
"S,S+s+S,s+",1
"+S,S*s+s*S",1
",b,s+B+s*s",1
+s+B+s*B*s,1
R+,1
".R,S*B*s+s",1
S*S+s+S*S+,1
Y+y+y+Y*Y+,1
"y,H.H.y,y,",1
"Y,Y.Y.y.Y,",1
"y.Y,Y.y.y.",1
"S*S+S,s+S*",1
"*S+S,S+s*s",1
S*S+s+s+s*,1
Z*z*Z*H*y+,1
",Y*z*Y*z*y",1
"Y,Y*z+Y*",1
Z*z*y*,1
"y*z*Y,",1
X*,1
G.G.Z*z*z*,1
"*I*Y,Z*y*Z",1
"Z*Y,Z*z*y*",1
"Y,Y*z*Z*",1
G.I.X.Z*y*,1
"I+Y,",1
"Y.Y+Y.Z,",1
S*,1
"*S+R,R+s+A",1
"A,R.",1
.Y.Y.y.y.Y,1
"Y.Y,Y.Y.Y.",1
"Y.Y.Y.Y.Y,",1
"z,",1
"s*s*S+s+S,",1
"R+R,R*R,A,",1
*,1
Z+I+z+x+x+,1
.Z+I*Z*Y*z,1
",X.Y.X.Y,H",1
R+z+X.x.X.,1
"A.R.S.R,s,",1
"S,S*s+s*S,",1
B*S+S*S+S*,1
"S+s+S,S+B+",1
"S,",1
s*s*B*s+B+,1
"S+s+R,r,r,",1
r*,1
"R.R,r,r+r,",1
S*s+s*s+s+,1
S+B+s+s+s+,1
"+Y,Y+h+y+y",1
"Y,Y*Y.Y*y*",1
*r+s+s+s*b,1
s*s*,1
s*B*S+S*s+,1
r.,1
"+B*s+B+S,S",1
R*,1
B*r*,1
s+B+b+s*s*,1
"s.R,",1
".x,X.X.G.X",1
s*,1
"r,",1
r*r*,1
"S,S*",1
R0,1
s*,1
s+S*,1
s*s*,1
Y.Y+Y.Y+y+,1
",I,H,y,I,I",1
",e,H,E,y+V",1
"V.V,i,y,i,",1
s*,1
"S,",1
"R,S+S,R*r*",1
"Z.Z*Y,Z*Z.",1
Z.z.z.Z.Z.,1
",y.y,H,H,H",1
.R.r.r.R*r,1
"Y,y,",1
"Y,H,y,y,y,",1
v*,1
z*z+i*I+I*,1
"r,R*A*r*",1
r*S.R0,1
v0,1
+S*s*s+s*s,1
"s+s+b+S,S+",1
y+y*y*Y0,1
"*S,S*S,s+s",1
B+S*b*s+s*,1
y*y+h+Y*,1
"a.s,s.a.r.",1
"S.s,R*r*",1
s*,1
".U.U,U.U,U",1
".u.U.U,D,U",1
R+,1
R*,1
S*,1
s*,1
+S*r*A*R+A,1
"H,z+w,F,F,",1
y.y.Y+Z.z.,1
"H,",1
S*,1
R.,1
s*s*R+,1
S*,1
"r,r,S*S,R+",1
s*,1
S*,1
"r,S.r,",1
"z.Z,",1
z*,1
A*Z.z.Z*R.,1
y*Z+I+Y*,1
+y+Y.Z+z+z,1
Y.z.z.Z.Y.,1
",Z.z.Z,Z.Z",1
y*y*t+z*Y+,1
y.R*V*v*R.,1
Z*I+z*z*i*,1
".Z*Z,Z+W.Z",1
+I+z+I+I+I,1
R+,1
"R*R,",1
",R*b*B*s*s",1
"y,H,",1
R.R+,1
B+R*s+,1
"R,",1
s*,1
R*,1
"v.E.E.v,e,",1
s*s*,1
A*,1
"R,r.S*",1
"S,r,r,r,R0",1
"+s+R,S*R*s",1
"+s+s,S+S.S",1
"B,S*S,S+S,",1
"S*S+s+s+S,",1
"S*S*s*r*R,",1
"r,S0S,S+",1
"S+B+B+S*S,",1
"s*S,S*s+s*",1
s*s*s*s*s*,1
s*s*S.,1
s*,1
s*B*s*,1
*r+R*s*R*R,1
R*R+r*,1
S+,1
"R,R0R*",1
R.,1
",s,A,R.R,S",1
r*r*s*,1
z*z+i*i+i*,1
"Y,",1
"S,r+R*r*",1
"+Z,Y+Z,Z+Y",1
"+r,R.R+R.S",1
"s*S,S*b*s*",1
"Z,Y.V,Z*Y.",1
"z.Y,Z.Y,Y.",1
.X.Y.Y.y.I,1
"s+s*s+S,B,",1
S*,1
s*S+,1
S*,1
",I,I,z,y,y",1
V0,1
R*,1
s*r+r+s*b*,1
"R,S*s*",1
"R*S+r,S*s*",1
r*,1
s*,1
+S.S+r+r*S,1
",S*S,S*B*s",1
s*s+S*b*s*,1
+b+b+b+B+b,1
"S,R*r*r*r*",1
r*r*,1
"s*r+S*R,R*",1
*R+r+r+r*r,1
"s+R*R,A,s+",1
B*,1
"s+A+S*S,S*",1
"Y.Y.Y,Y.H.",1
".Y,H,X.Y*Y",1
y.y.Y.y.H.,1
".y.y.Y,y,Y",1
.y.y.y.y.y,1
Y.y.y.Y0Y+,1
Y*y*y*Y.Y*,1
R*s*,1
R*,1
s*r+s+r*S0,1
v*,1
"S,R*R+s*r+",1
".y,y.Y+S.Y",1
i*i*i+z+z+,1
B*,1
b*,1
"y.y.Y,y,Y+",1
B*,1
S*,1
"S,",1
s*,1
s*,1
r*,1
r*R*S+S*,1
R*B*S+s*s+,1
+B+s+b+S*s,1
"S+s,s+s,s+",1
"B+S,s,s+s+",1
"B,S+S,S*S+",1
"s+s,s+s+R*",1
"s*s*s*S,",1
*s*s*s*s*S,1
+r+s+a+r*r,1
"a+r+r+r+R,",1
r+r+s*R+R*,1
"r+S,S*r+r,",1
"s*R,r,s+R*",1
R0,1
S0,1
"H,",1
"Y*Y,",1
"Y*Y,",1
"s*S,",1
S*,1
"Y+y+Y*Y,",1
Y*Y+Y*,1
y*H*,1
y*y*y+,1
Y*y*y*,1
y+,1
Y0,1
Y*,1
h+Y0Y+,1
",S*S,s+s,S",1
"R,r.S,s,s+",1
"s+S,s,B,B,",1
+Y.y.Y*H*Y,1
"Y+y,Y+V*y*",1
"h,y,y+Y,y,",1
"y*y*y+Y,Y*",1
",y,y,h,y,y",1
",H,H,H,y.y",1
"y,y,y,y,y,",1
",s,S+s+s,s",1
"R.R*S,S.R+",1
"s,S+S*S+s,",1
",S*S*R+R.R",1
"Y,H,y,y+y,",1
"y,y.H,H,y.",1
*r*r+A+s*r,1
"+R.R,r,R+A",1
+A+s+s+B+s,1
b+b+S*,1
S*S+b+b+b+,1
b+b+b+,1
S.,1
+s+s*B*s+S,1
S*s+s+s+B+,1
",s,r.R+R.r",1
s*S+s+s*s+,1
"r,r,r,r,s,",1
"+S,s+s,R*s",1
+y+y*Y*Z+z,1
"Y+Y.Y,H,H,",1
"B+S*S,S*",1
S*S+S*,1
"s+S*R+s,R*",1
"Y,Z+z*y*",1
Y.Z0z*,1
Y*Y+Z*,1
"Z.Z,Z.Z*z0",1
"Z,Z.Y0Y*",1
"Y*I*Y,Z*",1
y.x.Z*,1
"Z,Z.Z,Z.Z0",1
Y*Z*,1
z*Z*y*I*z*,1
"Z+Y,Z*y*Z+",1
".Y*Y,Y+y,Y",1
",Y.Y,y,Y,Y",1
"z,",1
z+,1
".R+r,r,R+R",1
.S.B.s.s.S,1
"Y.Y.h.Y,y.",1
".y.S,s.Y.y",1
",i,Z*Z+H+z",1
"B*s*S,S+s+",1
+R*s*A*r*R,1
"X+Z,X+Z.X+",1
z*z+z*z+z*,1
"h,Z+Y*X,Z*",1
z.z.,1
r*r*,1
"+s,r+S,t,r",1
"+S*s*S,B,S",1
+b+b+b+b+b,1
"R,",1
S*B*r*,1
",s+S*s*b*S",1
"s*b*s+S,B,",1
+s+B+s+B+B,1
s*,1
s*,1
",s+s+s*S+B",1
s*s+B+s*s+,1
s+s+s+s*S+,1
s*,1
v*,1
",Y*Y,Y+Y,Y",1
r+s+s*R+B+,1
S+,1
*s*s+s*S+S,1
Z.,1
R*,1
S+,1
s*,1
"R,",1
"S,R0R.R,",1
"r,A,",1
s*,1
R0,1
S0,1
Y.y.,1
Y.Y*Y*y*Y+,1
y*Y*H+y*Y+,1
"A,r,",1
"z,i,i,v+y+",1
",i,v+y+z*y",1
s*s*,1
s*,1
b+b+b+b+b+,1
Z.Z*Z.Z*Z.,1
r+S*r+r+a+,1
",Y*Y+h+y,H",1
S0,1
"Y.Y,y,Y.Y,",1
S+,1
I+z*z*i*z*,1
r*r+B+A+S*,1
"r*S,S0",1
y+y*y*y*,1
s*s*B*s+s*,1
"*s+s*s+s,S",1
Y*y*,1
",b,S*s*s+S",1
"+s*S,s+s+s",1
y*y*y*,1
"s+s+s+S,B,",1
"Z,",1
"R.r,R,",1
B*B*B*,1
S*,1
.U.A.R.d.u,1
"W.U,U.U.U.",1
".r,A.A.A.r",1
r*,1
s*s*,1
"r,",1
"v,z+w,F,w+",1
",v,z+w,F,w",1
Y.Y.H.Y.y.,1
"B,S.S,s.B.",1
"R.r,R+R,r,",1
"r,R0",1
s*,1
"s,",1
"R*R,A,",1
S*r*,1
"s,r,r,S*s*",1
"X,Z+",1
i*i*z*I*z+,1
"Z.Y.Z,",1
*Z.Z+Z.Z*y,1
I+I*z*z*Y+,1
Z*i*z*z*z*,1
*Z+z+z+z*z,1
"Z.Z.Z,Z.Z.",1
y*I+H+i*i+,1
.Y+R.Z.R+Y,1
z*z*y*I+z*,1
Z*z+Z*I*h*,1
i+i+I+z+z+,1
"s,s.s.r,s,",1
R.R+,1
s*,1
"y,H,",1
Z.,1
+w+w+w+w*f,1
"r,",1
"V,e,v.V.Z.",1
S*S+,1
",y.y,y.H.y",1
"*R,R,R*b*r",1
"S,s,R.S+R0",1
r*r*,1
"Z,Y.Z,",1
"s+s+s,s+s+",1
"+s,S+S,S+s",1
"s,s+S,S+S,",1
"B,s,s+s,s,",1
",S*S+s*s*s",1
"s*s*S,S*s+",1
"*s+s*S,S*S",1
s*,1
s*,1
"R+r*r*r*R,",1
s*,1
S*r*,1
s0,1
S*,1
R*R*,1
r*,1
r*R+S*B*,1
s*,1
+i*i*i+i*i,1
s*,1
y.y.h.Y+Y.,1
S.s.B.R*s*,1
I.Y.,1
r*R+S*r*r*,1
"+y+y,y+z+y",1
"s,S*s*s*s*",1
A*,1
"z.z.z,z.z,",1
",z,Y+Y.Y*Y",1
"*S+s,s+s+s",1
B*s*,1
B*,1
B*S+,1
",w,f,F,f,z",1
"S*S,r,",1
",S.B.s.S.R",1
".S.r,S*R,r",1
"R+R,",1
"*B*R,R*s+R",1
s0,1
b*b*b*b*b*,1
r+R0,1
r*A*r*,1
A*r*,1
*a*r+S*S+s,1
"r*R,R*",1
"*R,S+A+A+s",1
S+r+r*R+R*,1
r*s*s+,1
"+S*S,S+r*R",1
S*S+,1
"r,s+",1
y.Y.y.Y.y.,1
.y.y.H.Y*H,1
.y.y.y.y.y,1
y.y.y.Y.Y.,1
"y,H,H,y,y,",1
"y*Y.Y*R,Y*",1
y.y.y.Y.y.,1
*Y.y.Y.Y.Y,1
".S,s,r,A,s",1
s*,1
r*R+R*R*,1
"R,R*",1
s*,1
".A.r,A,S+s",1
",Y.Y,Y.Y,Y",1
+y+z+z+z+z,1
"Y,Y.y.y.y.",1
",s,s+s,s+s",1
"s+s,s+s,s+",1
"s+s,s+s+B+",1
s+s+s+s+s*,1
"S+R,",1
"S,R*",1
B+,1
"s+s,",1
"s+S,",1
"r+s+s+r,R+",1
"+R*R,A,A,R",1
",R*r+S,A,r",1
"R+r*r*r+R,",1
s0,1
"R,R*r*R,R*",1
S+,1
Y+Y.Y.y.H.,1
"y,y,H,y,Y+",1
z*Z*,1
"z,H,h,H,",1
"h,H,H,y.",1
R+,1
y*y*y*,1
Y+,1
y*y*y*V+,1
"h*Y,H,H,",1
V.Y*,1
y*y*y*Y+,1
Y+,1
Y*,1
"y*Y,",1
"R.R,s,r,R.",1
"s,s,S,S+s+",1
"S+s,",1
"r,r+b+S.R,",1
"Y*y*Y,V*y*",1
"*y*y*V,v,Y",1
z*Z*,1
",y,Y*Y,Y+H",1
"*y+Y*y*Z,Y",1
",H,Y*Y,y,y",1
"Z,y,y,y.y,",1
y.y.y.y.H.,1
S*,1
"S+s,B,b,b,",1
"S.S,B,s+B+",1
"+s,B,s+S.S",1
",y,y,y.Y,y",1
+A+S*R.R+r,1
"s+s+S,r,S+",1
"s+s+S,s+S*",1
"r,R,s,r,s+",1
b*b*b*b*S*,1
b*b*,1
b*b*b*,1
s*,1
"Z,",1
"+s,S+s,s+s",1
"S+s,S+b+s*",1
"+B+s+s+S,S",1
"S,s,S+s*s+",1
"s+S,B,s+s,",1
s*s+s+s*s*,1
Z.Z*,1
"Y,H,H,H,y,",1
y*,1
z*y*I*H*,1
Z+,1
".Z,Z.Z,Z.Z",1
z*,1
z*,1
"Y,",1
"Z+Z.Z,Z.Z.",1
"z*Y,Y*i*",1
Z0,1
"Y*Y,y,H,y,",1
"z,Z*Z.z,",1
R+r+R*s*r*,1
Y.Y.Y.h.h.,1
r*r*,1
"+Y.h.Y.y,Y",1
Y.B.s.h.Y.,1
.Y.Y.y.H.y,1
Y.Y.y.Y.Y.,1
",H,y,z,z,y",1
"+s,s+B+b+s",1
"+R,r,R*r+r",1
r*,1
Z+x+Z.X+Z.,1
X+G*Z.Z+,1
*z*z+z*y*I,1
z*i*z*y*y+,1
"X,y,y,X*X+",1
",S,R.R,r+r",1
s*s+B+s+s+,1
"*S,S*s+s+s",1
"R,",1
S+S*,1
r0,1
*s*B+s+S*S,1
",r.S*s*S+s",1
",r,r,r,B,s",1
r*,1
S*s+s*,1
s*,1
",s+s+s+S*s",1
S*S+S*,1
"S,S*S+s,s+",1
H+H+h*h+Y0,1
Y.Y0Y*,1
"*S+S,s,s,S",1
"S,",1
"*S+s*S+S,B",1
X*,1
"y.y.I,",1
"R,a,r,",1
s*s*A*r*,1
R+R*r*r*r*,1
"R,R*",1
R*,1
"S,R*",1
Y*,1
S*s*,1
y.Y*,1
s0,1
"r,R.R,",1
"Y+Y.Z,z+v+",1
*Y+S.V*Y+Y,1
+S*b*b*b*b,1
.x.X.X.X.X,1
",H,H,y.y,y",1
*r+r*r*r*A,1
V+,1
"Y,y,y.Y,y,",1
S*,1
I*i*i*I+I*,1
R+R0,1
R*a*,1
",Y+Y*y*y*y",1
B+s*s*s+B+,1
s*s+s*b*s*,1
y*y*,1
"+S,B,s,S+s",1
S+B+B+S*S+,1
y*y*y*,1
"s*S,S*s+s+",1
"S,S*",1
S+,1
S*A*,1
S*,1
.W.V.U.U.W,1
".U.W,u.U.U",1
"R,",1
s*,1
s*r*,1
r.R*s*,1
r*,1
"E,z+w,F,w,",1
h*h*h*,1
H+H*h*h+H*,1
s*S+,1
R+,1
s*v*,1
V*,1
S*,1
H*,1
s*,1
z+z*z*y+z+,1
"w*Z,Y*y*Z*",1
Y.Y+z*y*I*,1
Z*z*Z+Z*Z*,1
z+,1
v*y*,1
"*Y.e.V*V,R",1
+I*Z*z*z*Z,1
y*,1
+I+I+I+z+I,1
"+s,S*S,S*S",1
"R*R,",1
"y,y,",1
r*,1
R+,1
w+w+w+W*w*,1
s*S+s*s+,1
S*,1
"r*r*R,",1
"R,",1
R+,1
"r+s,s+b+",1
"s+s+S,s,B,",1
"+s+s*s*S,B",1
",S0S+S,s+S",1
"S,S+S*s*s+",1
"s,B+b+s+S,",1
s*s*s*s*S+,1
s*s*s*s*S+,1
S+s*s+,1
S+S*s*,1
s*b*s*,1
s*B*s+S*s*,1
S+S*S+S*s*,1
s*S+s*,1
S*S+S*s*,1
s+s*s*s*s+,1
b*S+B+S*S+,1
S+s*s*s*B*,1
"A*r+R,R*R+",1
s*s*B*s*,1
s*s*,1
s*,1
"R+r,A,",1
R*,1
r*r*,1
S*s*s*,1
+i*z+I+I+z,1
r*r*,1
"+y+z,y+y+z",1
"*B*B*s+s,s",1
S+S*,1
"Z*Z,z,z,z,",1
"*Y.Z,z,Y,Y",1
"s+s+s*s*S,",1
s*b*s*s*,1
s*s*s*,1
"S*S+S,S*B*",1
"S,S*b*s*",1
S*,1
"r,S+R,R+R*",1
"r.r,A.r.s,",1
"S,",1
"R,",1
s*s*B*,1
s*s*,1
r*s*B*s*,1
*S*s*s+s+s,1
s*s*,1
"r+R,R*r*R,",1
S+S*,1
S+S*,1
*b*b*b*b*b,1
R+R*S+R*r*,1
"s*R,R*r*A*",1
+R*R+r+r+s,1
s*s*,1
R+,1
"+r,R*S+s,R",1
S+s*s+,1
"Y,Y,y.y.S,",1
R*,1
"Y*Y,Y*Y,Y*",1
Y.Y*Y.,1
",Y,Y*Y.Y*Y",1
".Y*Y,Y.Y,y",1
Y*Y.Y*y*Y.,1
S*B*s+s+s+,1
*s*s*s*s+B,1
R+,1
y*,1
B*,1
R*,1
*A*s*r*S*B,1
s*,1
"Y,Y.S,y,Y.",1
*z*Z+z+z+z,1
",I,I,F,f,z",1
"z+I+Z,Z+z,",1
".Y+Y,Y.Y,Y",1
Y*y*,1
y*,1
r+,1
R*,1
"s+S,",1
",S*S,s+s+s",1
B+b+s+s+S*,1
",s,s+s+s+s",1
*s+S*s+s+s,1
"S,",1
"b,B,S+s+s,",1
b+S*,1
S*s*s*,1
s*s*s*,1
"+r,R*r*r+r",1
"*r+R,R*r*s",1
",B+R.R+r*R",1
"+r*r*R,R*S",1
S*B*,1
s*r*,1
s*s*,1
"Z,Z+",1
A*B*B*,1
y*,1
"+S,S+B+s+S",1
"s,s,S*S+s,",1
",s,s+S,S+S",1
"s,S+s,s+S,",1
"*Y,Y*y*Y,Y",1
",Y*Y,Y*Y,Y",1
Z+,1
",Y*Y+y+y*y",1
"+y+y,Y+Y*y",1
"S,S+S,S+s,",1
s+,1
"s,s+s+s+s+",1
"B+S.S,s,s+",1
*A*r*r*r*A,1
"*S.R,r+S,S",1
"+S,s,s+s,S",1
"s,S+S.S,B,",1
"R.r,",1
*b*b*b*s*s,1
s*,1
s*,1
"r*R,s,S*s+",1
"S+B,S*b*s*",1
"s*S,S*S,s+",1
"s*S,s+s+s,",1
"S*S+s,s,S+",1
"+S,s,S*R,r",1
*Y.Z+y+y*Z,1
"Y,y,h,Y.Y,",1
r*,1
"s*s*S+S*S,",1
s+S*s*s*S+,1
S*s*s*S+s*,1
Y+,1
Z*z*,1
Z*,1
z*,1
"*Z.Z,I,Z.Z",1
Y*,1
",Z,Z,Z.Z,Z",1
Z*h*,1
"B,Y.y,y,y,",1
s*,1
s*,1
B*S+S*,1
",S*r*r*r*s",1
",y,s.s.Y+Y",1
"Y.Y,H,y.y,",1
",Y.y.Y,y.y",1
"R,y+",1
"S,s,S+S*s+",1
*a*r*R+R*r,1
I.I.,1
"Z,z,",1
r+x+z*z*z*,1
I*H*I+z*z+,1
x+x+,1
R*r+r*,1
"+R.t,S+r,w",1
S*s*,1
*s+b+S*S+s,1
s+s+B+B+s+,1
"S,",1
".S,R*s+s+r",1
"s+B,S+s+s*",1
"s,R+R,S+s,",1
s*s*S+,1
s*s*S+,1
"B,s+S*S+s,",1
S*B*B*s*,1
B*s*s*S+,1
"S+S*S,s+s,",1
y*,1
"S*s+s*r*R,",1
S*s0S+s*s+,1
s+s*b*s*S+,1
V*,1
s*,1
"R,r,r+R,a,",1
R+,1
"s*S,",1
s*s*,1
*Y+y+y*y*y,1
Y*,1
v*V*,1
b*,1
E*,1
v+s+Z*v*,1
v+s+Z*v*,1
v*,1
S*,1
b*b*b*b*b*,1
".A.r,r.R.R",1
"R,R+r*r+r*",1
"y,",1
"Y.Y,y,Y.Y,",1
i*i*i*i*i*,1
"r+R*R,r+A+",1
r*R*,1
y*Y+H+H+v*,1
s*,1
"s,S*S+s,S*",1
",s,S+s*S+s",1
V*H*H*,1
"s+s*B*S,S*",1
"B*S,S+S,B,",1
V*Y+,1
s*,1
"S*s+s,s+B+",1
S+,1
s*,1
R0,1
.w.z.U.W.w,1
.U.D.u.d.U,1
"y,y,y,y,H,",1
R*s*,1
"r,",1
"R*R,S+R0R+",1
"*R*R,R*s+r",1
"f,I,E,z+w,",1
"Y.Y,y,",1
s*s*,1
s*,1
s.s.,1
s*,1
r*,1
"s,s+B+S*b*",1
z+z*z*z*z*,1
Z*y*r*z+H*,1
y+z+y*H*z*,1
I*I+z*z*Z+,1
y*z*y*y+y+,1
+z*z*z*z*i,1
.z.y.Z*Y*y,1
"S,",1
i+I+i+i+I+,1
S*s+s*s*S+,1
"S,r+A+",1
R0,1
"y,y,",1
v+v+w+w+w+,1
r*,1
r*r*,1
"A*r*r*R,r,",1
"R,s,S.R+R.",1
S*B*s+s*b*,1
S*,1
R*,1
s+B+S*s*s+,1
"+s+s,s+S*s",1
"s,s,S*s+s*",1
"+s+s*S,s+s",1
"*s+s+s*S,s",1
.y.y.H.y.y,1
"S+S,S*b*s+",1
"S,S*S*",1
S*,1
S+S*s*,1
s*B*s*,1
"S,",1
s*s*,1
"S,",1
s+S.S.R*r+,1
"R,S*",1
R+,1
r*,1
r*,1
R*A*r*,1
s*r*r*r*,1
+z*z*z*z*i,1
A.,1
r*,1
r*r*r*,1
"*Y,Z*Y,Z*Z",1
+s+s+B*B*s,1
S*,1
"Y,H,",1
Y.,1
+B+s+s+s+s,1
R*,1
",z,I,I,h,z",1
"r,",1
R.R+R*,1
"*s*S,S*S,S",1
s*,1
r*,1
"R,",1
S+s*,1
R*r*s+r*R+,1
R0S*,1
"S,r,T*",1
S*,1
"S,S*",1
r*,1
"R+s*R,",1
r+s+r+R0,1
R0r*,1
.R+r*A*r*r,1
A*,1
r*R+R*s+r*,1
*r+r+s+R*A,1
r*s*,1
s*r*R*,1
"A+s,s+r,r+",1
",S*B*s+s*B",1
y.y.y.Y*y*,1
"Y,Y*Y.Y*Y.",1
Y.y.y.y.Y.,1
"Y+Y.y.y.y,",1
"y,y.y.y.y.",1
s+,1
s+,1
S*,1
"S,s+s,b,",1
B*s*,1
s*,1
S+,1
"A*s*A*R,r+",1
R+R*,1
r*A*R*,1
B*,1
W*w*,1
"*A*R,R*r*S",1
E*,1
Y.Y+Y.,1
z*z*z*i*z+,1
"y,Y+Y,y.y.",1
s*,1
S*s*s*B*s*,1
r*r*,1
r*,1
r+,1
S*s+s+,1
B+B+s*s+s+,1
b+B+R*,1
"r*r*r*r*R,",1
A+s+r*B+B*,1
",R,r,B,R+s",1
",r,R+r*R,R",1
R.R*,1
"R,R*",1
y.Y*Y.y.b.,1
"y.y,Y+Y,H,",1
A.,1
Y*,1
Y+,1
y+,1
"*y*y*y+Y,Y",1
y*y*y*Y+,1
Y*,1
y*,1
"Y+Y,Y*Y,",1
y*y*,1
",Y*Y,y,Y*y",1
h*h*Y*,1
Y+Y*,1
Y*,1
"S,s,S+B+S,",1
"S.r.R,R0R,",1
"R,r.R,r+",1
"+S.S+s+s,s",1
"+Y*Y,y+Y*H",1
",y,y,Y*Y.Y",1
s+S*s*S0,1
"+Y,Y*y*y*y",1
"Y,H,h,Y.y.",1
"y,y,H,Y.y.",1
",y,y,H,y,y",1
"*s+B+s,s,B",1
",B,b,s+s+s",1
",r,R.S,R.A",1
"y,y.H.H.h.",1
"H,Y,y,H,y,",1
"y.y,y,y,H,",1
"H,y+y+Y,y+",1
"y.y.Y*Y,H,",1
+R.S*r*A*s,1
"+B+s+B+s,s",1
",B,s,s,S.S",1
"+S,s,B,B,S",1
r.,1
",s+s*s+s*S",1
s*S+B+S*s+,1
s+S*S+s+s*,1
"*S,s+B+B+s",1
"+s,S*B*B*s",1
".B.s.R,r,r",1
B*b*r*,1
y.H.y.y.y.,1
Y*,1
Z*,1
Z0,1
z*,1
Z.,1
z*,1
z*,1
b*,1
B*,1
"R,S+s+S*",1
"s+R,r,S*S+",1
"Y.Y.Y.Y,Y.",1
".Y.Y.Y.Y,Y",1
"s*S,S+B+s*",1
"*r*R,r+A*r",1
"*Z,Y*z*y*z",1
"Y+z+I*i*Y,",1
z+,1
R*r*R+r+r+,1
"r,s,A,r,r,",1
s*,1
B+s*s+s*s+,1
S*S+s+s+s+,1
s*s*s*s*s+,1
S*s+s+s*S+,1
",S+s+s*S+s",1
s*,1
S*s*b*S+,1
S*,1
S*,1
+s+R*S+B+B,1
S*,1
",s,s+S*S+B",1
+H+H+y+y*y,1
*y*y*y*y*y,1
"r,r,R*s*R+",1
B*,1
r0R+,1
R.,1
+s*B*B*S*s,1
a*r*r*,1
s*s*,1
r*,1
v*v*,1
S*,1
r0,1
"E,E,E,B,Z*",1
".Y+V,Y+V.Y",1
S0,1
s*,1
A*S*,1
S+S*s*,1
R*,1
Z*Y.Z*z*Z.,1
Z.y.Z.z.I.,1
"*R+r+R*R,R",1
",y,y,Y.Y,y",1
s*,1
s*,1
*i+i+i+I*I,1
R+r+R*R+r*,1
"R,R*",1
Y+,1
"s+s+s,S*S+",1
",r,S.S,r.S",1
y*y*y0,1
"s*s*S,s+b+",1
"+s+B,s+S,s",1
h+Y*Y+y*,1
r+s+s+s+s*,1
r*,1
S+s*,1
r.S.R.A.B.,1
r.,1
R*,1
W.R.W.W.R.,1
"U.U.U.U,W.",1
"V,V*",1
"y,y.H,y,y,",1
r*r*,1
"R,S*",1
",v+z,w,w,w",1
"R,",1
s*s*,1
v*b*,1
s*,1
"r,",1
r*,1
S*,1
"Z,Z*",1
I+I+z+Z*Z+,1
.Z+Z.Z+Y*I,1
y+z+y+z*y+,1
Z.Z.Z.Y0,1
+z*Z+z+z*z,1
"Z.Z,Z.z.Z*",1
",Z+z+Y.Y+h",1
".y.y,Z.z.R",1
z*z*i*z*z*,1
Y*,1
+I+i+i+i+I,1
S+,1
"R*S,",1
"y,H,",1
"a,a,a,",1
*W+w*w+w+w,1
r+R*R+,1
r+,1
"s*s*S,S*",1
B+s+s*s*s*,1
s*S+s*,1
r*,1
r*,1
R+,1
"r,S*",1
R0,1
"+B+s,s,s+s",1
"S,s,S*",1
"s*S,s,S+B+",1
"S+s+b+S,s,",1
"s+s+S,S+S,",1
*s*s*s*s*R,1
s*s+B+,1
s+,1
+S*R+B+s+s,1
B*,1
s*B*,1
s*r*S+,1
s*s*,1
s*,1
".r.R,R.B.r",1
R+A+R*r*,1
s*,1
r*,1
"R,R+r*R,R*",1
"B+r,s,R*r*",1
".R,r+b+R*R",1
*i*i+z*z*i,1
"s,",1
"Z,y.",1
+S*A*r+r*r,1
"y+y+y,y+z+",1
s+b+B+s*b*,1
B+s*s+s*s*,1
"Z,z,Z*Z.Z,",1
"H.Y,Y.Z,Z.",1
x.x.X.x.X.,1
"S*s*S,s+S.",1
s*,1
"A*S,",1
S*S*,1
"S,S*",1
"S,s+s,",1
s*s*R.,1
"r,",1
S*A*r*,1
s+s*s*s*s*,1
+s*s+A+s*s,1
+b+b+b+b+b,1
"r,r+",1
"r*S,r,a,A,",1
"S+R*R,S*S*",1
"S+R,R*A*",1
"*A*R,S*s*A",1
"r*R,R+r*r*",1
"s*S,",1
",R*s*S,r,S",1
B+s+S*B*,1
Y.H.y.Y.y.,1
Y.y.Y.Y.Y.,1
y.Y*Y.,1
Y.,1
"+Y,Y*Y.Y*Y",1
Y.y.y.Y.Y*,1
.y.H.H.Y*Y,1
H.y.Y.Y*Y.,1
"B,",1
",r.R,r,R.R",1
r*R+,1
R0,1
"R,",1
*S+A+S*r*s,1
".v,v,v.E.E",1
s*,1
"Y.Y*Y.Y,Y.",1
i*i*z*Z+z*,1
+z*z+z+z+z,1
"y.y.H.I.z,",1
",F,I,z,z,w",1
"Y,Y.y.y.y,",1
s*,1
s*,1
S*r*s*,1
"s+s,B,s+s*",1
"+s+s,S*s+S",1
"s+s+s,s+s+",1
S+s+s*,1
S+b+s*,1
"S+A+A+R,R*",1
+a+r*r*r+s,1
"S+r+r+B,S*",1
",r+A+r+B+r",1
R*s*S+,1
H.,1
",y,y,y,Y*Y",1
"y,h,y,y.y.",1
"y.y,H,y,y,",1
R*A*,1
"Y.y,y,H,y,",1
"r,r,",1
Y*y*y*Y+,1
"Y,Y*h*Y+",1
",v+y+Y*Y+y",1
Y*h*,1
"Y,Y*",1
y*,1
Y+y*,1
Y*Y0Y*,1
"y*Y,",1
y*,1
"y*Y,Y*y*y*",1
y*Y+Y*,1
y*Y+,1
"+B+s,s+B+s",1
"S+s*S+s+S,",1
"s+S,S+s+s,",1
"*Y,Y*y+Y,V",1
"h,y+y,Y+y+",1
"V*y*Y,y+y+",1
"Y*Y,Y*y*y*",1
",y,H,y,H,y",1
",R.R+r+S,s",1
"s+S,s.S,s+",1
"s,s+s+S.S+",1
"H,H,h,y+",1
"y,h,y.y.h.",1
"r+s,R+r+R*",1
R*,1
"S+S,S+s+s,",1
b+b+b+b+b+,1
+b+b+b+b+b,1
"r,",1
"B+s,B,S*s+",1
"s+B+s+s,s+",1
"s+s+s,s+S,",1
+S*s*S+s+s,1
s+r+s+s+s*,1
"+s,s+s+s+B",1
".y,y,h,y,Y",1
s+,1
Z.,1
s*,1
Z+,1
Z*,1
"Z.Z,Z.Z,z.",1
Z+z*,1
"Y,y,H,y,z,",1
B*,1
"+r+r*S,S.S",1
R+R*,1
".Y.y.Y,s,Y",1
"S.H.Y.Y.Y,",1
".Y.H.H.y,Y",1
"I,z,z,I,Y*",1
",s+s+s+B+s",1
"r,R*r*R.R+",1
"+Z,z,Z.X+Z",1
*z*h+h*y*I,1
"X,x,G,x,Z+",1
g*z+x+x+x+,1
Z.Z.,1
R0,1
",A,s,A,r,r",1
s*,1
S*S+s+s+s*,1
b+b+b+b+b+,1
*S+B+s+B+B,1
+S*B*s+B+s,1
"s*S+s+s+s,",1
*s*s*s+s*S,1
s*,1
+s+S*b*s*s,1
y+h*h*y*,1
r*S+,1
R.,1
"S*R,r+R*r*",1
"r+R,R+R*",1
"R,",1
r*,1
s*,1
s*,1
"R*R,R*",1
v*,1
B*,1
"e,e,E,H,E,",1
",E,E,E,e,H",1
"S,S*",1
B*,1
+b+b+b+s+s,1
"Z*Y,Z*Y,Z*",1
"r*R,r+r*R,",1
"H,Y.Y,h,Y*",1
".Y,y,y.Y,y",1
s*s*,1
v*v*v*,1
*i*z*z*I+I,1
"R,r,R*r*R,",1
"R,R*r*",1
y*v*y*,1
",S+S,s,s+s",1
"s*s*R,s,S+",1
"s+s+B+S,S*",1
"+r*r+r,R+s",1
y*y*Y+,1
"+s,s+s+s+S",1
s*,1
s*,1
R*A*A*r*,1
"R,",1
",S.R,R.R.R",1
"R,S*",1
r.r.,1
"*Z,z,I,Z*Z",1
"Z*i*Z,Z+V*",1
"H,y,y,H,H,",1
R*,1
"S,",1
S.S.s.B.s.,1
"r*s+R,",1
R+r+s+,1
r*,1
"s+s+r,s,s,",1
"z+w,I,F,e,",1
"r,r.r,r.R.",1
"Y.H.y.Y,y,",1
r*A*,1
s*s*,1
r*A*,1
Y+Y.y.y.y.,1
v*,1
"s,R*",1
s+A+,1
S*,1
z*I*,1
"v.Z+Y,Z+Z.",1
Z+,1
"*H+H*Z,z+y",1
+y+y*H+H*Z,1
z*z*z+z*,1
+y*y+Z*Z+z,1
"+Y.Y,R*Z.H",1
*z*z*i+Z*Z,1
Z*z*z*z*,1
i+i+i+i+i+,1
R*,1
R+,1
"y,y,",1
"r,r.S,",1
"s,",1
"s,s,A,A,R.",1
Y*,1
S.,1
B*,1
"R,r,r,",1
r*r*,1
"r,R*R,",1
r+r*R+R*A*,1
r*,1
a*,1
A*A*r*s*r*,1
r*r+R*,1
S*s*r*,1
"S.S.S,",1
"R,S.S,S*",1
"S*R,",1
r*s*,1
.y.H.y.Y.Y,1
R+s*s*r+R.,1
A+,1
r*,1
*r*s*r*R+r,1
A*A*s*,1
r*s*r*r+S*,1
R+r+S*s*,1
R+,1
r*,1
A*R+R*A*,1
*z*i*i+i*i,1
R+r*r*r+r*,1
",Z+Z,Z+Z,Y",1
"Y.Y.X,A,x,",1
s*r*,1
r*,1
"y,y.y.z,y,",1
R.,1
R*,1
R*,1
R0S*,1
r+B+r*s*,1
"R,s,R*R+R*",1
"A*R,R*s*A*",1
R*,1
"R+R,R*r+s+",1
"s,s,r,",1
S+,1
r*,1
b+B+b+b+b+,1
R.R.r.,1
r*r+,1
"R*r*R,",1
A*R*r+,1
A*r+r+r*A*,1
"R,B,r+s+r*",1
+r+r*r+r+r,1
"Y,H,y.y,",1
R*s*R+,1
"r*R.S,S*r*",1
r*,1
r*,1
"Y,y.Y*Y.H.",1
y.y.y.y.y.,1
".Y*Y.y,Y.R",1
.y.r.Y*Y.y,1
"x,Y*Y.H,",1
y.y.y.y.y.,1
",Y*Y.y.y.y",1
Y+Y.H.Y.y.,1
s*R+,1
y*,1
"R,",1
r+,1
s.S.S.S.S.,1
"r,S*",1
"+R*R,R*R+R",1
"r+r+s*r+R,",1
.E.f.B.v.v,1
Y.Y*Y.,1
z+z+Z*z+i*,1
"Y,Y.y.y.Y,",1
B*,1
"S,",1
s.S.s.S.S.,1
S.s.,1
"S,S.R,r.r,",1
r+r*r*,1
r*S*,1
"+r,r,r,s,r",1
"R,R+A+R,r+",1
",r,R+r,r+r",1
",A,r+r,r+r",1
R+,1
s*s0R+,1
R*,1
*y*Y.Y.Y.Y,1
",y,y,H,h,H",1
H.y.H.H.y.,1
y.H.H.y.y.,1
"Y,y,H,H,y,",1
",H,y,y,H,h",1
"S,S*",1
S*A*s*,1
"y*y*y+Y,",1
"Y,Y*y*y*",1
y*,1
"y*y*y+Y,Y*",1
"Y,Y*v*H*y*",1
y*y+,1
"Y,",1
"y*Y,Y*y+H+",1
Y+Y*H*Y.Y*,1
"Y+H+y,Y.Y*",1
"*y*y*H+Y,Y",1
Y*y*h*,1
"R,r,r,r.",1
"s,S*s+R*",1
"y+y,y,Y.Y,",1
"Y+Y,Y+Y,y.",1
"y+y,y+y+y+",1
",H,H,y,y,y",1
".Y,y.y.Y*Y",1
",H,H,H.y,H",1
",h,y,y,H,h",1
"*s0R,B,b,r",1
",y.y,H,y,y",1
"y,H,y,y.Y,",1
.H.y.y.y.Y,1
".y.H.y,y.H",1
"s+r+R,R+R*",1
"R,R.R.r.S,",1
",A+R,S+r,S",1
"R,S+S*r*r*",1
b+b+S*s*S+,1
+b+b+S*S+b,1
s*s+s+b+b+,1
A*r*,1
S.,1
"R,r,A,A,s,",1
"r,S.R,S.r,",1
"R+S,A,r,s,",1
+y+z+i+I*I,1
"Y,",1
"y,y.y,",1
s*,1
X*,1
z*,1
"z*Y,",1
Z+z*Y+y+Y.,1
",Z+I*Y,Z+z",1
"Y,Z+Z*",1
"i*Y,Z+Y*I*",1
",Y+Y.Z*Y,Y",1
Y*,1
Z*,1
Y+y*,1
"Z+Y,z,Z.",1
z*,1
Y*,1
+r*R*S+s+R,1
r+R*s*R+,1
".B.b.H.y,y",1
r+R.R*s*A*,1
"y,x.x,Y*Z*",1
"x+Z,Z.Y*Z0",1
"i*z*Z,Z+z*",1
",Y*Y,Z*z*z",1
X+,1
r*r+r*r+S*,1
"R,r,r,B,r,",1
+b+b+b+b+b,1
s*r*r*s+s*,1
",R.S,S.r,r",1
"Y+Y,Y+Y,Y+",1
Y*Y.Y+y*Y.,1
r+,1
r*,1
S.S.S.,1
A*r*r*r*R+,1
R.R.,1
",r+s,S*R,S",1
r*,1
s*,1
S*,1
R*s+R*R0,1
s*s*,1
R*,1
r*,1
+Y.y.h.Y*y,1
Y+y+Y*H*,1
s*,1
R.S.,1
"A.r.R,",1
"E,e,E,H,h,",1
",e,e,h,b,Y",1
b+b+b+b+b+,1
Z.I.Z.z.,1
Z*Z*Z.Z*Z.,1
.H.h.y.H.y,1
",S+S*s*s*B",1
"Y,y,Y.Y,y,",1
A*,1
s*s*,1
i*i+i*i*i+,1
"*R*B*R,r,A",1
"r*r*A*R,r,",1
h*y*z*z*Y+,1
H*Y+h+h+y*,1
"r.R*R,S*s*",1
y+H+y*,1
f0f0,0
I*i0a0,0
*z*z*z*z*w,0
I0i0,0
i0i0,0
i0i0i0,0
f0f0,0
i0f0,0
"U,R.U.R,R.",0
R.S.r.R.r.,0
W.F.W*W.F.,0
i.I.I.Z*Z.,0
"u,U.U.Z+Z.",0
w.W*W.w.F.,0
Z.Z*,0
z.,0
"W,W.",0
z.I.Z*,0
I.,0
z+,0
Z.,0
Y.Y.Y.y.,0
y.Y.y.,0
z.i.Z.Z*z*,0
".r.U,Z+Y.Z",0
z.Z.I.,0
"X.X.x,",0
"z.z.Z,Z.I.",0
Z.,0
v.v.V.,0
"Z,Z.Z.Z.",0
i.i.Z.,0
A.u.u.u.u.,0
Z.z.,0
Z.z.,0
Z*Z.Z.Z.z.,0
Y.Y.Y+Y.Y*,0
y+H+y*y*y+,0
y+y+H+y*y*,0
Z+Z.Z.z.H.,0
Y.Z+,0
"W.z.w.W,W.",0
R.r.Z*Z.z.,0
"I,I,i,",0
Z.,0
H.H.Y.Y.Y.,0
I.z.Z.,0
z.Z.I.,0
y.Y.Y.y.y.,0
I.i.Z.,0
i.I.i.Z.Z.,0
.y.y.Y+Y.y,0
I*z*,0
H.i.h.Y*,0
Z+,0
W.Z.w.Z*W.,0
.Y.Z.W.w.W,0
W.Z*Z.W.W.,0
Z.Z.,0
"X.x.z.Z,Z.",0
i.Z.Z.,0
z*,0
Z+Z.f.F.w.,0
Y*,0
Z.Z.z.z.I.,0
z.W+W.W.Z*,0
f.,0
W*W.W.W.W.,0
"W,W.",0
.Z.z.Z.Z.W,0
Z*,0
"Z*Z,",0
Z+Z.Z.Z.z.,0
".W.Z,Z.Z.W",0
"Y.Y.Y,Y.Y.",0
Z.z.Z.Z*W.,0
V0V.e.,0
W.,0
i.Z.Z.,0
z.z.z.,0
Y.W.W0W.w.,0
Z.F.Z.,0
i.z.z.,0
+z+I+z*z*z,0
R.D.u.D.U.,0
"y,h,h,h,h,",0
"+v,u+r+u,d",0
"+u,u,u,u,U",0
I.i.I.,0
"u,u,u,u,u,",0
+Y.H.Y+Y.y,0
"u+U,U+u,U+",0
Y.H.Y+Y.H.,0
"+U,U+u+u,u",0
",u,u,U*u+u",0
Z.z.z.Z*Z0,0
",u,u,U+U,U",0
*z*z*z*z*z,0
W.w.w.Z.w.,0
".i.Z*z*Z,Z",0
.Z.Z.Z.Z.Z,0
z.,0
z.Z.Z.Z.Z.,0
.x.x.x.X.x,0
r*R.r.,0
"r.R.R.W,Z*",0
Z0,0
r.r.r.R.,0
"u.R.R.W,Z*",0
.Z.z.z.Z.Z,0
*r*R.R.R.A,0
z+z*z+,0
Z.,0
z*,0
W.W*z*W+W.,0
*W*W.W.W.W,0
"W.Z*Z.Z.Y,",0
Z.R*R.U.,0
A.,0
Z.Z.i.Z*Z.,0
Z.Z.I.,0
Z.i.Z.Z.,0
f.z.,0
Y.,0
Z.Z.z.,0
i.i.I.,0
W.,0
"X,X.G.",0
G.G.,0
G.,0
X.X.Y.y.x.,0
"Z.z.z.Z,",0
"*u*R,R.R*u",0
U.,0
"U.Y,Y+",0
".U.U.U,U.U",0
"z,",0
",h,h,h,h,h",0
"d,U+U,U,d,",0
",u+u+u+D+u",0
Y+Y.H.Y+Y.,0
"d,u,d,U+U,",0
y.Y+Y.y.Z+,0
"U+U,U+u,D,",0
"D+D,u+u,u+",0
"+u,u,u,u,u",0
Z.Z.Z.Z.,0
Z.z.Z.,0
.X.x.X.X.X,0
.R.D.R.R.d,0
z.z.i.,0
z.Z.Z.,0
i.,0
Z.Z.Z.Z.Z.,0
Z.Z.Z.,0
Z.z.Z.,0
X*,0
Y.Y.Y.Y.H.,0
"G.X.Y.X,x,",0
"Z.Z.W,W*Z.",0
Z.z.z.Z.Z.,0
".X,X.x.X*X",0
.W.W.F.Z*Z,0
x.X.X.X.X.,0
I.F.,0
z.i.i.,0
W.Y*Y.W.,0
.W.W.Z.W.w,0
.Z*Z.I.z.z,0
"Z+z*Z.z.Z,",0
"z.w.Z*Z,W.",0
z.z.i.z.z.,0
Z.z.I.Z*I*,0
Z.z.I.Z0,0
E.,0
h.g.H.H.H.,0
X*Y.x.,0
i.,0
.Z*Z.I.I.z,0
z.I.i.,0
Z.z.z.,0
Z.Z.i.,0
Z.,0
Z.,0
Z.Z.z.,0
Z.,0
Z*W.W.,0
z.y.z.,0
i.I.,0
"Y,Z.",0
.Z.Z.Z.Z.z,0
Z.y.I.,0
z.,0
"Z.W.Z.W,I,",0
Z.Z*z*,0
Z.Z.y.I.Z.,0
"Z.Z.Z.z.Z,",0
",Y.Y.H.h.H",0
Y.w.,0
"Y.Z,Z.Z.I.",0
Y*Y.Y.Y.Y.,0
W.,0
W.w.,0
"x,x.Y*Y.Y.",0
",Z.Z.z.I.I",0
".y.Y,Y.Y.W",0
w.,0
W.,0
W.W.,0
".X,X.X,X*y",0
"X,X.X*X.X.",0
.Z*Z.Z.Z.z,0
z.,0
Z.i.Z.Z.Z.,0
Z.I.Z.,0
.z.Z.Z.Z.z,0
"Y,Y*",0
x.,0
i.,0
I.I.z.,0
i.Z.Z.,0
I.,0
i.i.i.,0
w.W.y.,0
R.R.U.R.R.,0
z.i.Z.W.W.,0
W.w.W.W.w.,0
i.Z.,0
Z.,0
W.w.W+W.F.,0
Z.w.W+W.W.,0
z.Z.Z.,0
w.W.W.w.W.,0
W.W+W.W.,0
.Z.Z.W+W.W,0
+W.W+W.W.W,0
.w.W*W.w.W,0
"Y,Y.y.Y+Y.",0
G.x.x.X.X.,0
I*,0
W.w.,0
.y.G.x.y.y,0
.w.f.W.W.W,0
Z.,0
W.w.f.,0
W.W.W.,0
.Z.Z.z.z.z,0
Y.,0
"Z.Z,Z.Z,",0
Y.Y.Y.,1
y.y.Y.,1
h.,1
"Y,Y.",1
S.Y.h.,1
"Z.Z,",1
Z.Z+,1
V+V.Z.,1
y.,1
y.V.V.V.E.,1
Z.,0
".U,U.R.U.U",0
Z.w.,0
"Z+W.F.Y,Y.",0
*W.W.w.W.W,0
".F.f.f.W,W",0
W+W.,0
"h,h,h,h,h,",0
"h,h,h,h,h,",0
Z.Z.Z.,0
Z.I.I.I.Z*,0
"D+U,u,u,u+",0
",U+U,U+U,u",0
y.Y+Y.H.Y+,0
",u,U+U,u,u",0
Y.H.Y+Y.H.,0
",u,u,d,u+u",0
Z+Z.Z*Z.Z.,0
"z.Z.Z+w,W.",0
W.,0
"u,u+u,u,u,",0
W.W.W0Z.w.,0
"u,u+u+u+u+",0
Y.y.Y.Y.h.,0
"Y.Y.Y,Y.w.",0
"y,y.H.Y,Y.",0
".F.W,W.W.w",0
z.z.i.,0
Y.Y.H.Y.y.,0
W.Z.y.,0
"w.R,",0
.Z*W.w.W.W,0
w.F.,0
Z*,0
"X.x.Z,",0
.z.W*W.F.f,0
W.W.F.W.Z*,0
W+W.W.z.Z*,0
Y.Y.y.y.y.,0
i.I.I.,0
Z.z.z.,0
.X.X.X.Y.x,0
Y.y.H.x.y.,0
.W0W.W.F.w,0
Z.Z.z.z.z.,0
".w.f.Z*Z,Z",0
I.z.I.,0
W.X.x.,0
"H,y.y.y.y,",0
".y,W.F.F.f",0
"w.Z,",0
Z.I.Z.,0
W.W.W.,0
W+W.,0
W.w.F.W0W.,0
W.,0
w.,0
W.F.W.W.,0
W.,0
".w.W,W0W.w",0
.W.W*W.w.w,0
w.,0
W.,0
y.Y.Y.Y.Y.,0
.X.X.Y.Y.X,0
"x.X,X.",0
Y.y.y.,1
Z.Z.Z.,1
y.y.y.,1
y.,1
"y.Y,y.",1
y.,1
"y.y,S.Y.y.",1
"z,",1
"Z.Z,",1
U.,1
"Z.Y,",1
Z.,1
Y.Z.Y.,1
"Y,",1
y.V.V.E.v.,1
Y.Y.y.,1
Y.Y.Y.,1
Y.,1
"Y,Y.",1
Y.Y.h.,1
z.,1
Y.Z.,1
"z.Z.Y,Z,",1
V.Z.,1
"Z,",1
"Y,",1
y.V.V.V.V.,1
"R.R,R.R*u*",0
E*,1
Z*I*,1
d*,1
E*,1
"V,",1
e*,1
I0r*z*Z0I0,0
.Z.Z.Z.Z.Z,0
.R.R.r.R.R,0
W.W.X.,0
X.,0
f.X.,0
Z.Z+Z.,0
z.z.Z.W+W.,0
W+W.w.F.,0
X.W+W.W.X.,0
X.X.X.X.x.,0
i.Y.Z.,0
X.,0
"Z,",0
".Z,Z.Z.Z.Z",0
Z*,0
y.,0
Z.,0
Z*,0
Y.Y.,0
Y.H.Y.,0
Y.Y.y.Y.,0
.Y.Y.Y.H.y,0
Z.Z.Z.Z.,0
I.,0
.y.y.H.Y.Y,0
Z.I.W.,0
"z,z.",0
X.G.x.x.x.,0
"z.z.Z.Z,Z.",0
"Y,",0
.z.Z.z.I.Z,0
Z.Z.,0
"Z.Z,",0
",Z.Z.Z.Z.Z",0
0f0f0f0f0f,0
i0i0i0i0i0,0
z.z.I.Z*Z+,0
Y.Y.,0
Z.Z.z.Z+W.,0
w.W.F.Z*Z.,0
0000000000,0
".W.Z*Y,Z.Z",0
W.W.w.,0
U.r.u.S.u.,0
W.w.,0
0000000000,0
"Z,Z.z.z.Z.",0
.Z.z.Z*Z.W,0
.Z.Z.W*W.W,0
i0i0i0i0,0
W.W.W.,0
Z.Z.z.,0
"W.Z,W.Z+W.",0
.y.H.y.y.y,0
"W.W,W.w.W.",0
"Z.w.W,W.W,",0
"W,W.W.W,W.",0
".Z.Z,Z.Z.Z",0
W*W.,0
W.,0
"Y.z.Y.W,W.",0
w.W.,0
Y.Y.Y.,0
.y.W.W.Y.Y,0
Z.Z.Z.,0
W.Y+W.,0
Y.y.Y.Z.W.,0
z*,0
Z.Z.Z.,0
f.W.W.,0
"W,",0
W0W.W.,0
"Z*Z,Z*",0
W.W.,0
y.y.H.y.y.,0
Z.W.F.,0
"W,",0
Z.,0
"w.W.w.w.W,",0
w.W.W.w.F.,0
.Z*z*W.W.W,0
w.F.F.F.,0
W*W.W.W.W.,0
z*,0
.W.W.W.W.w,0
.W.W.W.W.W,0
".X.i.Y,y,Z",0
.Y*X.y.Z.Z,0
Z.Z.Z.,0
".W,W.W.w.W",0
"Z,Y*Z.Y.Z,",0
",W.W*W.W.W",0
"H,Y*Y,Y.",0
Y.y.Y.,0
".W.W.Z+Z,Z",0
"X.x.X.X,",0
Y.X.,0
"W.W.F.W.X,",0
W.w.W.,0
z.z.Z.,0
"Y*Y+Y,Y*Y.",0
",H,X.X,Y,x",0
y.y.y.h.H.,0
".F.Y,Y.y.Y",0
0000000000,0
00000000Y.,0
0000000000,0
W.W.W.W.,0
Y.Y.Y.y.Y.,0
Y.Y.,0
z.i.Z.Z.,0
w.,0
"X,X.",0
s0,1
0S*B*s*,1
0,1
00,1
S+S*,1
*,1
S*,1
s0s0,1
S00,1
S0,1
S00,1
s*,1
*,1
*,1
*,1
s*S0s*,1
0,1
s00,1
R00,1
S+S*s*,1
".B.V,W.U.U",1
"y,H,H,H,H,",1
s*,1
s*,1
S*s*,1
S*s*,1
s0,1
s*B*,1
s*,1
s*,1
"s+S.Z,S.Z,",1
"Z+W,y,w,y,",1
0X.X000X.,1
000Y.H.h.h,1
s*s*s*,1
A*,1
S0,1
*,1
s*,1
V*v*,1
0,1
B0,1
S+,1
B*,1
S*B*,1
",v.e.w,v.v",1
i*z000Z.,1
s*,1
*,1
0,1
s*,1
w0W+,1
*,1
r*,1
v*,1
S*S+S0,1
s*,1
S*s*s*s*s*,1
s*s*s*B*s0,1
+S*s*S0s*s,1
*s*s*s*s0s,1
000z00,1
*z*i+Z*Z+z,1
+i*I+z*z*z,1
*z*i+z*z*z,1
0z0z*I*I*z,1
Y.Z.Z.z.Z.,1
i+Z*z*z0Z.,1
Z000Z.Z*Z.,1
i*z*z+B*Z*,1
z*I*z*i*z+,1
"Z*Z,Z*I*Z+",1
"S,",1
"*s*S,S+S,S",1
Y+Y000,1
r0,1
s0,1
s*s*,1
s*,1
*y*,1
0,1
v*,1
*B*,1
v00,1
v*,1
s*,1
*s*,1
s*S0s*,1
s+b+s*s*s*,1
s*S0s*,1
"+s+S.S,s+s",1
"s*S+s+s+S,",1
"+s+B+s,s+s",1
",s+s+s,s+s",1
"s,s,B+B+s+",1
"+Z.z,Z.Z,I",1
"z,Y+Z.Z*z*",1
"s+b+S,",1
"s+s+B+s,s,",1
"S*s*S,S*B*",1
"s+S,S*S.S*",1
.y.y.y.Y+Y,1
"s*s*S+s,S*",1
"S+B+S*S,S*",1
s*,1
s*s*S*S+s+,1
s+s+S*S+s+,1
",S*s*s+S*S",1
"S+B+s*S+s,",1
*s*S+s*s*S,1
*B*s*S+s+S,1
*s*s+s*s*s,1
S+s+s+s*S+,1
+s*s+s*s*B,1
*s*B*S+s*s,1
s*s*,1
s*s*,1
0,1
+s*s*s*S+s,1
h.Y.Y.,1
"s+s,b,S*S+",1
S0,1
s*,1
",S*b*s*s*s",1
s+B+s*s+s*,1
"s+s,S*S+S*",1
*S+B+s*s*s,1
S*S*s+s*s+,1
S*s+s+S*S*,1
r*s*,1
S0,1
S00,1
S00,1
",Z+w,I,W+Z",1
s0,1
s+S*,1
s+S*S*,1
"B*S,",1
"S+s*B*S,",1
"b*S,",1
s0,1
s*s*S00,1
s0,1
s*s*S*S*B*,1
+S*S*B*s*s,1
*s*S+B+s+S,1
"S+S,S*s*s*",1
S*s*,1
*S+B+s+S*s,1
.S*S+s+S*S,1
",s+s+s*s*B",1
b+b+b+b+b+,1
0,1
"S,S0B0s*S,",1
s*s*s*s*s0,1
*S+s*S0S*S,1
+S*s*S+s+s,1
.y.y.y.y.y,1
y.y.y.y.y.,1
y.y.y.y.y.,1
Y0H0y0000,1
.y.y.y.y.Y,1
H.Y.y.y.y.,1
0Y*,1
S*s*,1
S*s*,1
y*y0,1
y*,1
0,1
"S,",1
"S,",1
v*S0,1
0,1
S+,1
s*,1
S*,1
*S+b+s*s*s,1
Y.,1
0i0z00z000,1
v*V00,1
W+i+Z000,1
"Y.Y+Y,Y.y.",1
H*,1
B*s*,1
S00s*,1
0Y+,1
s0,1
S+S*s*,1
s*S+,1
*,1
*B*,1
S00,1
S+S*s*,1
"S+s,s+",1
"Y*z+Z,Z*Z,",1
"z,z,z,z,Z*",1
"s+B+S,",1
"+s+S,S+s+s",1
"S,S+s+s,",1
"+s,S+S,s,s",1
"s+s+s,s+s,",1
",S+B+s*s+s",1
s*s*s*,1
s*b*s*s*,1
+b+s*s+s*B,1
s*s*B*,1
0,1
s*s0,1
s0,1
B*s*s*S+s+,1
S+S*S+s+S*,1
*B*s*s*S*s,1
S+S*S+s+s*,1
s*s*s*s*s0,1
S*,1
H.Y*Y.H.y.,1
"y,y,y,y.y,",1
",y,y,y,H,y",1
",y,H,h,y,y",1
"S,S0",1
+,1
s*s*,1
S+S*s*,1
y*,1
y0,1
"Y,Y0y*Y,Y*",1
"y+y,y+y+",1
",Y*",1
H0,1
y*y0,1
y*Y.,1
"y*H*H*Y,",1
Y+,1
y*,1
"s,S+B+S,s,",1
",b,B,S.S00",1
"B+s,B,s,S0",1
"Y+Y,H,v,Y*",1
y.,1
"Y,y.",1
"Y*Y+y+Y,y,",1
"H,y,y,",1
"Y,Y+y,y,H,",1
"y,y,h,y,",1
"y,y+H+y,Y*",1
.H.y.H.y.h,1
"y,y,H,H,",1
"H,y,h,y,H,",1
"y,y,H,",1
"H,y,y,y+",1
"s,s+s+s,s,",1
"+S,s,S.S,s",1
"+s,s,s,S+S",1
"s+s,s+S,s,",1
"y,y,y,H,y,",1
",y,y,y,y,y",1
"y,y,H,y,",1
.y.h.h.H.H,1
"s+s,S.S,s,",1
",s+s+s,S+S",1
",s,s+B+s,s",1
",s+s+s,B,S",1
+b+b+b+b+b,1
+b+b+b+b+b,1
b+b+b+b+b+,1
S*s*,1
"s+s,S*S+s,",1
"*S,s+s*S,S",1
"B,S*S,B,S*",1
"*S+s,S*S+s",1
",S*S+s+s+s",1
"S*S,s,S*S,",1
0000000Z.,1
000,1
0Y.Y000Y.,1
s*s*s*s*s*,1
s+B+s+B+s*,1
s*s*B*,1
B+B+s*s*s*,1
0000,1
0000,1
z*z0z00,1
z*Z000000Z,1
00,1
00,1
000z000,1
0z000000Z*,1
z*i*z*z00z,1
0I0000,1
000z0z*Z00,1
0000Z*Z000,1
*Z0000Z*z*,1
00I00z0,1
00,1
000000,1
000000000,1
"B*S,S*s*S,",1
"s*S,S*s*S,",1
S*S*B*s*B*,1
",B,S+s,S*S",1
"S,",1
Y.y.Y.,1
"Y.Y,Y.Y.Y.",1
"+s+s+s+s,s",1
s*,1
S+S*,1
b+B*s+s*s+,1
0,1
"+Z*z*z*Z,Z",1
*Z+z*Z*Z*z,1
+b+b+b+b+b,1
S+S*s+B+s*,1
+b+b+b+b+b,1
S0,1
S0,1
*B*B*,1
+z*z*Z*z*z,1
0000000000,1
"S,S0S,S*S,",1
"s,S*S,s,s+",1
"+s*S,s+s*s",1
"s,s+s,s+S*",1
s*S+S*S+S*,1
+S*S+S*S*B,1
",S+s+S*s*s",1
s*s*s*s*s*,1
*s+s*s*s*B,1
"B+s*S,s+S,",1
0,1
*y*y+y*H*H,1
.Y*Y.Y*Y.Y,1
s+s+s+s*s*,1
S+S*s*s+s*,1
*s+s+s+s*s,1
v*v*E*,1
s*s*,1
S0s*,1
0,1
0,1
"S,",1
S*B*,1
"S,",1
s*B*s*,1
",S*S+S*s*s",1
00,1
00000000,1
S*S*,1
r*s0,1
"e,E,E,e,e,",1
S0,1
+b+b+b+b+b,1
*,1
"y,y,h,y,y,",1
i0i0i0i0i0,1
V.V.V.V.V.,1
",y,y,Y000y",1
*I*I*z*z*i,1
i*Z.Z0z*z*,1
"z*z+Z,Z*z+",1
+i*i*i+i*i,1
I+h+Y*Y+H+,1
"S*s+s+S*S,",1
",S*s+s,S+s",1
y*Y0Y+H+Y*,1
"S*s+S,B,b,",1
"+B+b+s,s,S",1
h*,1
"S,s+s*S,b,",1
".U,U.U,U.R",0
",h,h,h,h,h",0
",h,h,h,h,h",0
000H000,0
.,0
0000,0
x000,0
00,0
00,0
z.I.Z*Z.I.,0
",u,u,U+D+u",0
z.i.i.Z00Z,0
"u,u+u+U,u,",0
+Y.H.Y+Y.H,0
",U+U,U+U,d",0
Y+Y.H.Y+Y.,0
",u,u+D+u+U",0
00000,0
0z0z*z0,0
Z*Z.z.Z.I.,0
",u,u,u+u,u",0
00,0
I.i.I.Z0Z.,0
"+u,u,U+u,u",0
0000000000,0
0,0
0z0Z000000,0
*e0i0i*i0i,0
w000000,0
0000000,0
*,0
z*Z00z*,0
*Z*z0i0i0i,0
0z0I0Z*I*Z,0
0000z0,0
000I000I00,0
*Z00000z0z,0
0000000000,0
z0000z0,0
z*Z000000z,0
0000Z*Z000,0
0,0
z000000000,0
*z*z*,0
*z*z0z00z0,0
00000,0
0z*I*,0
0,0
0z00I00Z*Z,0
z0z000Z*i*,0
00z0000000,0
0z00Z*,0
"Z,z,Z.Z,z,",0
i0i0i0i0,0
0i0i0i0i0i,0
.I.Z000Z.I,0
",u,u,u,d,u",0
Z.z.Z.,0
",d,U*U,u+u",0
"u,u,u,d,u,",0
Z0i0i0i0i0,0
0000000000,0
i0i0i0i0i0,0
*y*h*h*h*h,0
*Y.Y*y*y*h,0
h*h*h*h*y*,0
y*y*h*h*y*,0
0000000000,0
0000000000,0
0f0f0f0f0f,0
0z*z*z*I0i,0
0i0F0r*z*Z,0
0f0f0f0f0f,0
*Z0i0i0z*z,0
0f0f0f0f0f,0
i0i0i0i0i0,0
".R*r*u+R,R",0
